3511
1169
22091
1087
5631
13110
3502
7495
19184
23383
6815
7169
3264
14872
7319
22829
7057
14898
4589
19697
24310
7179
12256
17637
4297
5200
5958
22706
7090
22031
4827
2366
20152
24799
11636
20223
831
18409
15046
15735
9382
20501
10864
21225
12226
11394
6410
4678
1931
15120
5841
23434
8805
14670
6668
10372
16851
15863
18841
4341
13483
13503
201
22543
22048
17639
11028
23134
5298
21730
8358
12974
21066
10234
21930
19801
18975
4348
7578
20280
13331
5622
22794
10772
22549
23429
1880
12837
18831
9257
11703
2980
4595
10588
18482
18604
3916
339
821
24387
14218
17701
17483
7377
12633
13791
7854
21153
4962
17987
5049
20320
19238
17445
12957
18772
12298
6145
2502
7009
4881
6896
16390
21907
12793
16490
11667
7312
10094
9841
14218
16231
20261
6379
4294
23463
13120
6558
17001
24526
19932
1294
8571
9275
12625
9289
8735
16981
23806
18895
12379
23567
5471
9728
11977
16676
906
16377
5987
18344
19988
19248
13344
6633
23208
16162
24656
275
12373
24924
7816
11556
18198
23905
7872
21572
1420
11376
2847
3759
16213
19412
3040
13935
20807
22796
14073
15007
2519
19834
9176
8165
14761
20032
24380
9770
15335
3913
24673
138
5017
17595
18334
10608
1566
1559
2964
3987
16629
14557
1091
10847
13223
855
5520
3591
3933
21013
11971
13725
2205
22295
20405
1458
23632
23189
10331
23936
20486
20244
9590
19233
9710
20693
1341
16499
12573
4336
24678
2395
19213
8882
22727
9834
23803
2609
10491
24872
8789
10779
6329
10797
8652
10761
5346
18357
3367
18423
20110
7057
18304
14
9619
2505
9944
711
797
1242
20675
20983
15701
2184
15439
19528
6738
23422
12721
1344
18015
22165
8813
13810
12925
7251
10270
1789
18114
16500
5831
9676
9511
6830
11426
16886
18259
23437
16270
18761
7951
20319
12822
3964
3698
7932
9031
11792
12431
20827
12353
24587
2574
220
3572
11861
15808
13683
7001
18347
21351
7672
7158
23192
19631
1939
2602
13599
11426
24446
13727
5659
21238
20752
5599
18741
4825
24762
8198
852
5350
17326
13119
8979
4555
24774
19347
14766
24614
14112
2714
4712
18451
7017
15487
9506
12818
9973
18900
11185
13983
12054
16836
10220
13725
7579
16051
19096
5124
4380
2895
2152
14273
4795
20320
5805
8804
18795
24843
2147
10997
2249
13453
5449
19667
13510
16792
10524
21592
364
4939
12620
9139
7146
16184
17529
5578
1429
4825
16637
18863
10971
4594
13765
1471
9799
5118
21874
19001
16615
6820
24648
13239
9634
10041
21200
12988
17601
9251
1496
18789
22561
9622
7550
9620
17987
8208
5814
7973
10126
4547
3297
12694
744
3372
24604
660
5412
16109
15694
7216
21564
9820
6310
11428
21452
14065
11396
21186
13874
5647
1338
3955
15512
18493
5766
1108
19547
337
20806
5144
21767
12152
18078
20739
24281
8566
16394
17137
16383
18968
4246
18339
19120
4113
19909
14663
682
5051
16967
18725
15931
7184
6316
7900
11233
6304
8976
13290
5678
23905
10780
1995
14157
8432
7913
203
13509
16155
8068
19043
19843
14389
23750
11269
9266
20943
10936
24594
12140
1951
4742
536
17415
23284
16699
5495
17694
20395
504
5912
20440
24650
15880
13099
12603
5744
361
7861
17825
24596
18129
18310
3345
18461
17227
2057
9361
7334
19729
24420
16161
20708
20925
6678
23533
5500
21309
1303
6817
6154
5887
3274
12425
15736
18446
16852
6220
6571
12488
10239
16523
23300
24157
17077
8154
1517
18160
4775
24860
7297
4351
16491
8952
7103
19137
6128
23202
11170
11548
14767
19005
24551
8166
2703
17292
3096
12816
7805
13421
1962
6156
6876
8307
5408
2330
7529
8373
6502
4004
18012
2733
2204
16036
4466
14875
12146
21512
21738
9309
11694
4201
3308
5372
22962
20215
1356
5098
5213
23154
21237
3763
1333
12944
8930
23052
22777
19650
12091
12987
22576
22052
12654
16586
14238
21918
5868
1913
24201
22430
4625
2575
6094
6083
4642
5818
12818
748
3682
5766
21440
4125
22124
599
13878
19757
11545
17686
12528
17434
4986
1114
3195
5939
10089
17964
7049
10929
2344
3706
8361
19295
19883
9030
8785
22097
8731
13145
12678
2335
990
5330
23374
10514
17676
5765
18030
13185
16136
16871
1609
11663
18254
5121
17553
16501
19985
19899
18242
12936
3027
9206
4347
19696
8613
5386
22287
24463
21640
23563
20595
22941
19560
16738
9814
19547
23578
9218
20059
546
9681
7231
3165
9263
17160
6766
20683
19161
17069
16740
15162
628
362
22635
13269
11995
10360
13665
633
7711
19791
9662
13336
2801
9115
10924
23322
14715
18807
14410
11981
15338
4212
7404
14253
9585
2027
20154
4803
3461
13227
7434
20100
7515
23304
7965
22748
20257
1445
20481
13206
21385
11825
12697
22882
12061
18167
16660
6213
16935
9271
15295
11989
13004
7925
14059
23924
19583
1706
18863
11273
17827
10976
10967
18190
16406
24277
19344
24361
3398
17548
15912
5115
10804
1115
18229
7585
20930
24300
16932
24104
11977
12397
10304
10815
4113
6127
20309
4696
12368
23367
9613
4417
9078
21508
2551
12227
15785
23621
16388
23151
6720
13428
22005
430
13719
4580
24769
1978
22680
9548
21096
4642
3440
11252
1899
18660
11726
18026
17810
8041
5053
19042
23351
9612
5848
11561
11639
4293
14696
18663
7260
16970
9082
6204
8383
19422
2926
22824
22542
23353
6821
18021
16141
21406
16532
10085
19892
24151
21763
17156
20094
3046
11681
21845
3515
19417
6985
21830
18512
23983
22120
18327
16162
20765
21312
23724
3013
5247
7665
10761
913
17086
1421
12691
7460
23499
16515
5493
17472
23168
4327
15891
21872
14836
2478
15670
27
263
12052
12609
14614
24103
23962
19796
21834
20904
6001
8017
6350
10997
6411
6513
818
22753
24368
22655
7210
23045
9548
11980
20373
21356
14362
23350
3587
1888
17967
23518
12322
3013
8882
9155
15284
19890
59
11278
19866
13949
11027
706
21704
6249
18106
6624
8545
12692
7171
10224
2184
23003
8927
15838
4057
2682
10316
9601
24825
13004
19818
6005
3843
22938
8233
4186
5210
6835
16588
24500
6526
24421
8293
20379
7674
24041
3264
23567
10756
11969
3898
167
18700
6481
1259
15516
5332
14593
1579
9924
20264
19933
16483
24474
24356
1084
14182
13574
8149
10253
1573
307
14878
13442
5043
10780
5361
11190
13505
3253
18108
23073
5096
21660
20318
1952
11202
11007
20110
1522
11458
17557
12813
9283
21928
10043
7396
18229
9961
2652
4356
18812
19067
14696
2902
16557
3775
7749
2713
8826
9816
14878
2447
3568
20155
151
27
20525
15471
5486
14056
17335
2247
18527
15717
10537
16139
21169
16146
2838
22479
1409
21096
16550
4863
17541
17932
6663
14351
17808
24021
24439
14692
11077
12304
6907
15414
23039
5891
4329
17236
13754
13037
17304
23136
2518
14092
15585
13121
16816
23133
20377
4573
9264
18621
17675
16839
1558
17153
7308
12738
12106
15513
24280
14762
9640
3428
23101
15032
20474
10831
479
17145
20289
15489
1511
2708
6473
14162
13824
6008
18677
19358
2649
9367
2903
4128
3245
5169
8576
3989
15137
21578
1399
22489
15728
14737
13817
21876
12937
15961
6902
4673
21449
9973
1198
4639
11056
12515
23614
23827
6213
4714
2945
20418
16182
14810
20139
254
6974
17844
22941
11717
6589
24695
2037
5992
23876
10979
18936
3375
2260
10004
1153
16651
11068
21118
16985
32
7869
18853
3389
3195
19153
19338
17055
13892
16044
13031
10175
1988
8509
3051
18072
20221
23121
12517
23979
14888
12312
10008
4402
13194
892
57
18029
11923
19959
19831
1538
8588
14200
4620
2930
19594
8367
4961
10724
1736
24873
5440
20289
7625
4666
19139
15413
24570
17959
3959
9523
18694
10197
16542
1370
24255
23655
2526
1122
1697
24370
20255
24262
19618
8846
20006
18278
7741
23819
4554
6033
21408
12274
8484
19009
23165
20925
12891
17493
18252
19384
1533
7469
22041
20916
6716
17496
15383
7180
21250
17805
6387
20913
11067
3198
2715
23311
12599
6807
14004
12579
504
13352
8014
17335
13388
3615
14788
2458
17553
24375
6259
4235
24834
21316
18162
22581
24346
8536
22028
23666
21946
10477
19989
533
8709
22348
13471
484
6937
2512
14198
2911
18931
16643
2025
24906
12359
20958
9654
11326
5608
9623
20179
3543
22474
22725
429
22176
12289
11777
3173
6355
23142
12406
8997
5923
21890
9182
22718
9018
21097
1361
8213
11812
5860
7780
22474
21867
12340
3491
22089
5194
21366
17671
12388
15159
17862
11115
13304
19387
11298
9165
12376
20988
21883
5573
1801
5507
742
18850
17719
10830
24523
13733
14855
16522
5549
7273
4083
21500
13937
17693
5275
140
6962
2137
9958
7059
21972
9643
7644
12356
11277
8349
11030
8033
11297
19926
9672
20252
17060
24138
7052
2314
20408
19029
1378
21050
1991
24370
363
9978
2375
5562
2817
6571
19977
7159
18196
14889
257
4143
793
12691
5931
10457
1793
2946
21989
21706
17452
2869
24377
8540
18002
21181
9583
15947
12395
13010
15838
4279
2717
12684
14024
14292
19349
23691
5123
5351
11355
2104
13081
8127
16670
7548
10600
19691
15652
13450
15452
13898
15906
24212
6140
12718
3707
7042
19589
4829
1841
2742
65
8405
8138
18834
7814
18585
8286
19077
4991
2533
6825
13609
19692
21815
16480
21390
5969
21223
3263
18400
18386
15818
187
16637
22278
3542
13893
17210
4814
5720
16715
23897
21903
15341
23323
17906
19130
13333
661
5209
13663
5805
14952
16768
10216
9691
11300
14334
15263
4158
20914
6633
9955
4089
21716
1808
7799
23777
23592
2381
18974
16980
19403
2497
16692
2456
4975
5719
20125
21099
17583
14571
8532
4367
8805
11394
1238
20208
23443
18854
16631
2274
21850
13833
3378
2842
20906
23595
20882
10823
17
3720
6560
9187
5219
16452
14158
23180
17214
10586
3830
24649
16366
7848
7061
7963
20913
17660
23100
19273
3524
17512
13106
1306
15553
2855
11968
11906
13933
23152
6523
6140
4536
3719
13970
5000
8250
5546
19125
11629
6599
24078
17784
11704
12722
12373
1283
5799
6713
164
2010
6232
20513
10818
20303
13535
24461
6995
22714
23540
4784
6637
19349
23426
23333
21171
11586
7409
5712
13167
23979
7345
17051
9281
7867
12928
5669
19161
9898
12088
18530
103
4648
7308
24425
13920
10993
16191
13865
5184
2316
22552
1229
12302
6790
6278
12166
24162
8935
4069
2822
19795
14121
24047
21349
16856
14538
7230
24547
18379
15427
12253
5600
20617
23059
17570
17932
22017
5772
8828
12856
7734
6881
4275
19235
5697
15205
16216
24281
9499
18756
214
18453
15851
7212
4210
24860
13316
13208
10356
4758
19598
2128
6340
23226
13553
14656
5488
10711
5328
7080
21551
17328
15653
7529
16899
23949
18393
3402
11351
23116
22604
3837
24675
17119
18205
10817
17017
4733
14336
13180
21025
8017
6591
8457
10290
20443
17090
15582
7185
18574
2447
22924
12288
3681
3926
8551
246
22475
18767
10951
21565
7240
12670
23609
20436
14663
6632
3068
792
20972
3088
21642
12971
18631
23278
18747
15238
230
727
24184
19981
18215
233
11057
6405
17246
154
24318
5662
10464
24271
12073
183
23355
21198
11820
23251
17451
13947
13864
19485
20066
18002
15438
12073
24343
12555
23857
6056
21262
4488
3669
5305
19711
8482
11342
16579
9077
7004
24006
126
3474
19449
13767
19522
5940
10552
12905
17433
20871
24124
16332
16718
7319
7350
11000
3041
5357
1320
9085
18769
24482
22715
531
2897
21599
8783
17948
4528
3596
10929
21925
18115
23890
9812
6756
24988
5502
16553
14984
21313
9766
13308
1947
11659
13691
19432
4534
1497
6995
17507
17871
24541
14355
11438
746
45
9475
5648
8924
11260
20277
6005
24638
24379
13468
1016
15213
6371
14320
5734
3075
16442
14020
20790
11061
8774
7011
18202
24865
16802
17357
5769
264
13076
12485
21005
7836
24359
11439
15332
21150
14749
15720
15286
574
23080
4933
3000
23812
24282
18661
23741
3847
4779
14697
19159
21509
10993
8582
4759
23848
17831
24438
18856
18669
23019
5128
1569
15134
14386
13055
23533
12221
17925
15691
19874
1633
8108
10617
17022
13040
9973
5201
13200
2103
11009
22656
1357
12764
17045
4739
1251
19566
1924
14576
1677
12443
2651
20711
17349
14309
6869
10636
346
8264
24959
9163
6321
1401
8374
21089
5327
22146
8496
8677
8471
9376
22172
17391
16838
11166
18058
16420
19131
4096
24747
9996
22391
9284
16992
6089
14353
5327
8973
15918
13774
10996
19670
6720
5883
5731
15481
9278
5893
7578
8343
12391
10445
22359
5057
22460
7482
3419
21239
16146
13172
21647
10564
4015
22274
10089
5689
24995
7103
19591
1379
23721
2779
22931
12556
13797
23316
12586
21211
18370
23716
7851
19633
17886
21799
7489
14885
2319
4080
4371
11380
8031
12040
20616
20101
16224
7626
5723
21245
9194
9329
21450
8425
22473
24655
14691
20987
8899
12980
22621
14826
18443
11204
793
15062
3020
18117
17863
13530
20868
17859
6302
23454
9787
23934
23935
3926
16127
17985
21860
10963
16324
4908
3103
3132
20750
4454
5901
14072
18914
5850
17371
9859
9676
5571
8192
10213
3562
10331
6460
22596
10234
19031
23392
12686
2377
16376
3180
14522
14153
15837
19977
4355
917
7442
18244
24701
5769
1202
10681
9347
1713
23204
7696
15366
6106
1378
4253
2318
7999
21374
7228
3325
9333
20481
23110
21764
1828
14194
5193
6678
12534
8571
11219
11763
14652
23630
22570
18185
8765
4061
11877
10324
19905
19258
10857
18351
118
16045
14001
6390
17324
20854
6304
23467
6037
724
12029
9815
12636
4955
6007
21208
14109
24380
11795
5540
23044
5502
18085
5446
18453
8813
18363
20283
869
15804
11122
734
8241
6105
12217
18395
2009
21069
15529
12458
23686
427
21826
13609
16931
8867
23282
9734
12251
10021
19549
14790
5502
18156
9717
5962
24464
14150
13474
2906
218
23265
11036
1082
14959
1344
14821
14560
18349
20058
12790
4299
765
3786
650
4788
11337
1871
6332
5631
1049
9939
13535
24185
18758
8597
17386
24555
3236
16128
5607
18739
14480
8326
6148
12691
16971
14588
22096
645
4862
19199
6178
22332
821
8515
3930
1255
9235
15522
15912
7865
19075
22696
16342
9707
16051
17586
520
3332
164
14641
15626
3768
13998
24994
20725
10833
3850
1507
13109
4597
22084
20492
23414
24988
16110
21301
17810
3319
16550
6788
19783
24726
20434
22879
573
16704
21354
22151
17889
11653
22388
13510
15500
18423
21386
17791
6033
8866
18672
1910
6335
14449
19280
6824
823
11748
3475
14021
13268
8182
19732
8773
9162
4485
22508
19134
17392
11287
4999
11739
19632
12409
12342
22250
10095
21965
6335
23357
6660
14926
5874
4947
683
23997
8839
21949
15838
17027
21505
22441
4812
11278
23230
9730
16397
18341
22419
13507
24609
919
20037
17927
20154
23106
21124
5736
10540
21379
10960
12020
12234
4175
17876
7490
22286
18750
17890
15068
1888
8338
8696
23175
3119
5441
16719
21078
16206
17246
984
5107
18092
10761
22879
21390
3523
821
18185
23645
15961
2668
3832
16048
12389
17964
22631
6318
24693
4858
7503
1675
8424
17424
18939
14373
3128
24255
8415
5110
10222
11117
11084
16980
1915
20168
282
3871
5110
5013
6969
13775
11257
22224
24594
9745
19602
21534
6122
204
6547
8661
12096
15589
23189
17992
17345
17611
24477
19816
8232
11025
23963
20132
24150
4623
20913
16138
10362
16976
12213
10666
12559
5385
13192
13762
16748
12858
13460
11119
10906
6111
4640
2779
22025
18942
3821
9143
11057
22729
13374
1324
11363
5343
18466
15636
11069
2169
4673
20324
7094
4597
15632
24401
1849
15120
9468
17355
11120
10129
22241
13814
16357
6106
16747
17380
10164
17238
8872
22274
12794
940
9680
3410
10327
3859
14658
5451
24760
12915
19536
19349
3665
21369
7573
20988
13544
23127
8455
9354
14046
5725
8102
7965
15708
19885
6622
3053
15482
15285
13333
2898
22281
4291
15432
21299
3515
175
5808
19715
14164
24537
9878
17776
16223
21164
10594
24884
137
4943
24592
22645
20457
334
20952
3444
12535
258
16571
20997
21717
21047
9270
3645
17704
20193
16096
24743
16539
5219
8006
18493
7475
21909
7939
24441
9908
4300
14502
5576
21761
17886
20218
15925
2412
21234
11589
4724
2044
5438
3211
21249
7189
14956
6295
14745
18007
2299
14755
14297
24137
20992
14220
5981
4188
6345
7498
22855
1846
12289
11521
8037
15701
887
20992
3276
2807
19627
14099
11712
17277
1300
13119
21587
1180
4102
15656
9676
554
2208
9701
19388
10828
23147
13185
4193
12056
258
13798
22720
24478
423
6065
16341
17865
11039
4815
6310
14600
23390
9187
2166
14230
21010
18415
14527
9181
7107
9349
13969
7499
8437
23025
20087
15274
1446
12791
11462
20884
12432
4405
7935
23137
16688
23812
11431
7835
10339
23488
9920
24861
14448
2419
20230
17619
16848
7906
9468
4282
9114
16775
5577
14784
13286
4649
22893
5136
9974
22434
15709
9520
14236
3077
20611
14175
9187
20522
6239
4477
16286
17677
6984
21507
6800
20732
11640
22432
23066
12303
6086
10178
20875
893
23955
17087
23456
13761
1241
20615
2335
12222
11714
20642
1001
17458
15733
22310
15532
14288
8271
23755
21265
13628
388
18858
21998
3937
12990
20004
6940
24391
16190
20835
7481
22937
3060
1294
692
9969
10420
9687
9656
6103
8498
8814
19431
7770
12594
2620
6218
24518
20513
24327
17589
2853
8354
6088
17932
24664
4084
19080
17624
24383
4272
1017
20938
10215
10499
23224
15713
12182
14874
6648
570
8348
11985
11354
3646
9449
4570
1344
2773
20538
18501
7950
10844
14923
231
24873
8273
11104
22300
11340
3989
9140
22102
16368
4960
16155
23419
12257
8692
22022
2424
14337
6943
2626
16696
18279
879
6351
1480
9592
18259
16650
15054
20394
12050
2771
1471
5388
18676
16834
16011
8763
21575
12411
19547
14959
22301
12676
6970
8868
11990
22044
6487
4659
9030
3354
2791
8467
15130
23061
8545
713
18459
21870
18999
13804
8920
211
11732
6035
714
1360
3362
20998
21146
16729
6917
16650
9527
21732
21353
2869
9836
5503
21276
9371
370
4514
11244
15202
234
12233
16952
14000
17896
16608
14293
14534
22537
11578
19402
15334
24549
3526
24798
5841
21626
20942
8706
16103
19199
1673
3821
19063
3743
10565
12295
2439
7512
11652
8256
432
24156
19338
11278
8728
6964
10615
17901
19093
23800
7528
1381
23366
2195
21258
22963
3553
12541
17738
5400
6077
3269
11927
7100
24130
5205
2580
2866
18737
11507
22539
12080
18047
22226
11346
18118
8875
11337
16140
10487
23538
461
5535
14586
12
20721
19836
6654
18650
2528
16093
15809
12253
15585
24553
21752
17655
8670
13218
8720
6930
16618
19089
6655
15403
7673
1394
12918
4068
6983
2956
14819
13784
3026
8417
6062
13724
9008
8104
8862
7707
8629
10936
23943
20111
24478
9622
22004
14534
16988
16247
13180
2278
6536
22168
19237
13292
5740
15254
22268
3241
6320
19574
7233
10574
13423
3029
6745
15638
15522
80
19279
3490
4202
7954
18344
20215
2743
13006
10734
11988
16688
20015
5645
4576
7416
6448
14210
24566
3288
15435
19628
7959
15874
20638
8417
19819
16241
14392
21079
3027
11080
17305
21957
16260
21757
20541
11070
6118
18173
21899
21959
19173
12552
10493
20685
20555
4301
7308
4122
23179
14729
20739
8642
5797
16308
23719
23419
9594
21395
3561
15632
19027
18814
4052
24303
21847
7463
22467
12897
9538
24613
4484
21419
15974
3313
9422
5896
16296
24606
9216
12729
17431
18919
19277
19114
5455
8195
5610
4929
6842
5095
16324
19505
14655
942
5239
14879
14185
2437
3156
3003
22911
20441
4515
24530
8973
2815
17498
13503
10371
2231
12901
4325
2838
8268
10519
2763
18328
13453
22890
72
22738
16726
190
2461
4401
21185
15977
16713
7320
6967
5571
17899
6135
12353
6414
22439
23132
23754
12903
4923
17554
20185
15911
17640
24238
22923
18657
452
24222
18081
5459
24198
8234
14298
17700
23690
9673
22154
2373
16716
20608
6457
15021
14785
6126
10972
7474
15684
24050
9209
11973
20598
21681
5522
2984
16325
16791
9148
1355
24894
22905
1884
18089
14946
1439
14661
19661
6901
23369
12423
21939
8082
21311
13569
14790
3726
21106
24819
5143
2930
20261
13414
7287
12362
20460
6317
14976
24131
10487
1618
6781
18229
22795
21357
8656
22809
15606
8929
9851
19932
9656
24425
20775
15283
19368
1778
14414
3245
19507
5208
15842
7415
5580
4477
16198
5877
3776
7499
2551
23644
24605
22646
15651
11314
23175
15010
23201
13786
20318
8482
15707
9635
12029
13749
9681
3521
18665
15028
16326
6343
11063
14233
2706
2804
14771
10987
7798
19509
4215
22308
8784
5071
14265
20169
8941
13429
7167
15337
20217
23541
874
24069
3569
15144
23223
13654
20094
11692
62
16988
1448
14548
22583
6918
17995
5642
12964
12580
12978
11276
6186
13296
19919
23396
7347
3971
21765
6312
24466
15780
19001
18530
5848
21786
19132
19407
17091
21732
5687
13622
2887
23563
24992
2348
2520
19676
9736
2310
2624
752
763
16259
22793
2994
14958
9870
16338
1566
18526
15219
1850
13836
19349
3824
10475
8702
21701
2500
9101
23729
19391
6544
6436
22906
8486
4387
5559
6163
3413
22246
21281
390
23792
11626
13871
1412
9194
4534
13742
17131
5110
4613
1939
12188
3850
10724
17248
13072
12298
15035
15358
17368
22171
2868
13388
8666
19092
22586
22377
9339
15431
10718
4875
17499
4371
2114
3677
7362
22832
10412
9983
21900
19739
18172
1472
11780
20675
8551
24177
1341
21830
5761
16478
17247
18743
12574
16723
1350
14250
10422
7376
22079
14258
24720
4541
10958
19612
9270
4099
22723
14934
8879
2589
9882
19505
23527
16589
12589
24907
21594
14596
7401
7641
12873
6998
13310
21046
20842
22726
10008
3196
6249
12228
6685
5645
15264
20261
22798
3886
19388
12549
9083
8265
20338
5454
751
16182
24851
17619
2494
8754
20248
567
13196
22168
21923
5792
5035
1309
9719
14793
21834
7387
9777
3388
8002
21822
18920
11934
16068
12057
22996
6907
5324
12742
18882
5143
17760
19597
8306
24708
14947
7971
10429
6275
21756
1536
22889
1279
18797
3532
12436
2556
18430
19574
628
750
14693
13614
9340
21569
8489
23242
11556
20569
23971
18889
19387
16660
4927
8293
23788
1305
11090
18764
16854
16419
23130
8384
11120
3497
3504
9144
5780
5252
19366
3194
15875
23848
19490
16974
10853
9347
24708
3821
8891
8247
21200
15630
11088
11521
18969
23230
149
20960
17703
18741
1793
23269
2099
9287
8338
18539
2585
15348
13192
9167
20180
13797
9946
11240
21958
21322
2560
6821
9498
14501
24634
4383
20568
17206
23639
19699
9986
11946
11355
14168
17790
4274
12719
9760
9137
19983
17099
4806
7630
2785
7103
9225
9224
5846
2826
10355
18090
14374
15385
7090
995
1121
10935
13743
8823
24382
13715
2403
8562
2982
1194
19081
2787
23984
22745
8409
4060
17677
5039
12096
6421
13071
13478
23517
15655
4860
20547
19792
11507
1237
7967
9757
15002
5340
17763
16027
13170
21120
22669
12846
7463
12343
20098
21416
1931
16774
13822
20844
695
3917
14297
13282
8498
15367
927
19144
4528
1223
6224
14892
6902
6887
21940
1308
1977
5280
19471
3942
9513
22787
10412
19510
23450
8944
6778
1116
11090
14890
11138
15733
1204
1045
23677
4871
22570
4302
543
17703
4043
4455
12354
976
5285
14637
21818
24589
21738
20543
20876
1001
3711
18761
961
8872
14614
20744
18382
21374
23854
21746
3128
15497
11154
21933
6861
11067
9476
17904
16408
2153
4036
7
18349
21452
16401
24652
20995
6682
19197
22886
9957
11591
4274
24924
8294
944
12737
20098
251
9037
13712
16451
18698
19177
18178
11567
3430
5940
18118
14833
20129
23296
4254
22351
9085
17938
16691
12701
21703
21725
10888
18603
16101
671
8381
3848
4490
9017
23034
10544
11112
2898
22230
4983
14085
1844
37
18856
5787
7833
21065
17845
16689
18945
22039
10247
20520
18517
18016
278
20059
16918
13759
10718
24025
24141
15721
17921
1114
17214
5075
18506
10760
495
14231
12824
21043
4556
798
2038
19186
18196
12967
2975
14489
24882
467
9205
2052
1611
18450
18356
7431
24409
15308
20050
7901
20703
9931
16811
17159
23025
2120
21133
10194
6767
19323
7867
5030
3095
11244
5735
23200
12719
17136
5814
13862
20758
23165
10372
13084
15905
13752
12539
23106
10792
5226
15730
5825
1899
7067
12293
21371
15068
7425
10984
19653
7887
7469
13218
21982
23286
1623
7205
18863
7447
4268
5724
18185
23104
99
9354
1468
3612
17561
4753
11979
2236
24710
24760
6620
10824
19541
15892
5325
13413
7140
19947
18070
16286
10283
11902
4340
12119
12231
2522
9919
12715
2394
1517
20118
19861
9695
9440
16516
23739
11768
11673
569
6465
8371
7838
2864
4517
6313
21604
16140
8721
447
12000
19300
2836
3041
20735
7884
2845
22516
8041
998
20342
13385
3053
3841
1950
15349
20669
15253
5775
10571
5099
20031
23542
957
17211
15344
10701
3043
20003
23562
21937
3577
3318
19374
21610
23204
10746
11853
13227
22312
18119
17551
16304
17119
12547
22694
20706
1772
13166
7290
23626
4403
19672
24332
7010
9734
3552
2664
8039
5202
16726
6390
16044
64
21635
21870
23131
17176
18657
2808
18975
16450
8098
2275
13642
759
3236
17458
18652
12572
1645
12619
2747
9240
6589
13145
9662
2433
13071
3932
6630
10697
3025
9785
11483
4996
1835
9635
6893
14310
3168
850
22194
18826
22750
12272
12762
648
24643
16257
5358
18270
7081
89
15855
17849
20770
11458
267
9691
18577
8823
7062
11033
3492
9824
1275
11994
24951
15966
22744
20561
14667
12388
16024
12271
5429
2348
574
4392
8707
23797
7229
14293
7180
17521
18619
7862
3010
12357
9692
2392
1624
19238
10004
18078
23784
14420
24663
7991
24933
1267
21618
17416
20191
4912
20056
9320
4708
7033
7471
9461
11414
15553
20040
13657
8700
5059
9669
206
4394
19233
11799
12862
2937
17039
24880
15291
10672
10112
11763
19825
12978
4751
3056
6542
18836
22824
22024
21507
14936
14655
5830
11129
8461
2621
2369
3360
17836
5993
15035
10924
5507
18428
805
1253
13034
2902
18007
7023
19849
14478
9486
20503
7262
17509
15193
24045
511
8058
21234
23303
21503
13745
22045
14569
21590
22492
9734
8941
18492
5389
4295
18634
19250
10061
13661
9448
3993
10925
19853
1154
11295
16260
11726
14230
11169
18119
11924
21139
9108
3675
23244
7590
14391
15565
22960
514
9823
14980
6292
15183
6913
13209
22792
19052
20121
11586
6837
10946
6290
20207
4108
10786
23242
2195
14346
23225
14568
9554
1255
21190
13010
3301
18110
13571
10847
20624
9226
13012
6519
20927
23086
2856
2358
13035
4963
19664
15571
339
17032
12708
12408
10164
2193
16993
16433
20006
23365
10085
12703
9918
21274
9027
24608
6729
5561
13748
22113
18115
7760
3362
24523
16198
21452
2043
19100
13068
1839
11708
12391
17913
2453
20295
19065
16103
6523
23680
6773
2742
14399
15450
712
24081
23940
16522
1293
23802
15417
19083
21750
10950
2256
21241
16458
19775
22203
14519
6825
1088
16017
4730
23689
4103
13007
19338
962
2431
20975
24924
15937
12929
2935
13736
4183
2721
11291
19335
7191
7581
24828
2808
384
15110
18574
4166
14999
12508
1232
1120
2253
6997
23836
15106
1872
17228
8094
3805
5578
23983
4985
6962
13647
18894
18124
15502
11843
5647
21593
3680
13837
22547
13786
23158
8904
22191
15139
14446
17065
5225
19936
3565
4626
19340
12428
21551
12547
3792
21409
12089
24764
20946
20530
15353
12565
20299
22226
9548
16226
3016
12334
12355
12345
13857
819
3613
16843
12881
18254
14540
5186
16942
20182
16662
10832
4969
11681
19232
13646
6713
7108
21523
6170
1807
5764
4834
10102
16934
19491
20122
17272
3402
19585
10039
23832
1746
14339
22148
8058
14635
1690
1045
6267
11607
5110
2055
20421
12576
20314
24467
12664
21565
10495
17172
21785
14797
15880
23637
13628
1837
22396
21894
17593
3764
1041
5149
11005
18751
2904
6062
9675
8796
1234
18101
2502
4380
24703
17942
4451
7268
12135
19992
24295
8327
17752
10421
12366
3443
20061
18791
15190
8785
23647
2041
18433
11657
23170
19262
12002
7591
24094
24046
7641
12288
3936
9944
14366
11958
13295
2689
7178
9174
3437
6602
1974
1964
8262
2742
12798
24368
8509
2251
13281
21867
18164
16645
23681
20885
175
2091
9
1596
4880
19915
21833
13671
7163
13307
20408
13263
9384
6346
3335
15638
4963
18668
5260
11011
17684
8719
24781
18633
9227
1650
8018
1519
2295
1927
14135
3092
10495
17541
13532
5606
24369
4717
20751
19658
23520
924
8661
3509
601
17944
3095
13302
17977
6723
17949
20508
4088
16193
7034
24357
5590
3072
13739
1199
12123
22777
5652
12206
16947
15151
9148
21090
19093
19869
833
6027
8935
13427
4626
2132
18323
8668
14850
5336
24676
21090
14329
3432
24601
10696
19305
19289
1863
2873
24558
19727
3012
13009
20184
19720
12863
14867
6333
20395
2112
12214
15883
92
17471
23687
21032
9286
369
5184
1316
20319
8983
248
17452
24756
2315
12552
8986
3291
12552
10969
10942
11566
21006
16459
14316
9151
6915
16100
5765
7278
17255
331
3721
20837
19422
24328
16915
9325
19287
15665
18404
7134
15275
9600
22423
21587
22401
15860
19983
21037
4190
19255
2657
23411
18259
6669
8205
16044
13107
9168
10754
21688
78
18809
10265
16525
16936
22133
13145
20195
4676
3961
22188
3391
8083
21397
909
3843
10555
4141
96
5073
16528
12416
936
13754
10737
9306
563
2688
20982
2709
5425
1062
11001
19298
3503
12361
24412
6758
6896
2243
16755
22029
22336
4994
12495
7282
14602
23085
11983
4541
14040
18253
18845
23303
6771
16822
17475
18444
3662
22443
12610
14795
17165
19907
972
3101
5446
20268
5306
8085
19833
16730
10677
7377
167
16003
21454
23202
795
2941
16283
19711
10322
18194
5511
21794
15784
3757
10681
4065
22340
16485
12651
13836
24001
19604
23513
11071
5786
11836
20405
4044
5901
164
2715
18009
10440
12457
15223
11256
5782
5788
19372
24462
19226
22164
21341
4890
9982
14146
16421
6171
10728
2197
13555
5726
21612
7747
4324
21858
6907
11814
23392
20325
24044
7945
1075
19352
19460
354
13559
10872
20750
24220
6683
23950
2523
8386
8814
16867
6462
9200
669
14393
4652
21672
23487
17607
15571
12190
18972
151
8143
3006
993
22140
9483
23316
19582
10051
13400
16028
15868
8752
8781
8108
14523
19645
18348
16213
932
24501
12853
21957
1138
21209
13490
8017
21061
13149
18461
22438
13875
13769
14855
20937
8085
11033
17133
4915
21513
7378
14504
12510
2130
21450
2325
8463
3227
21363
13420
3613
20301
4806
24242
23540
11821
20953
23750
20866
12450
3251
8405
8088
9181
762
9961
19310
10938
10851
8352
14848
5716
7289
20109
15849
7078
9545
13165
21969
22894
5903
7701
21527
19637
19916
6114
4192
8540
20647
1729
20882
13466
12547
6904
8011
13073
6524
4650
12613
17725
7164
20851
3187
24564
11989
9790
24707
6685
1379
5437
8744
24855
18938
2893
10942
17140
1078
4927
15922
20610
5696
4113
11421
7364
12154
6756
3611
4764
2398
2340
7993
12848
20043
14501
13843
22995
21332
4342
10136
16905
22208
7134
9825
5186
18714
21887
4725
6100
22103
2787
16483
4999
4546
5104
14288
5266
14601
19779
20436
22467
24125
9460
2450
21399
16268
18689
13359
2392
17794
17628
6929
8061
14454
19860
8845
1444
4130
11995
16668
4144
2491
16128
6633
17815
15220
9313
10183
2916
18256
19260
1787
21453
13529
1446
5334
6866
18998
6378
12380
758
3629
10818
23741
21323
10381
8633
5950
8615
5455
10411
12685
373
17230
23612
7592
14181
2195
7146
23960
2853
21413
8372
7631
6453
3185
21178
14188
671
21767
11321
14398
12488
10803
23279
21944
6413
3565
8937
4399
23347
16987
14080
16137
18357
9834
17205
22514
22831
19921
7397
2443
11393
1090
12839
4243
19908
7757
20914
20223
6251
17760
16183
8495
8799
15192
10918
19980
3966
23789
2392
14635
14485
1522
21596
24972
2389
13894
7368
21938
8599
1084
9778
19992
19917
22163
24602
9938
7249
2141
13193
24124
14441
20992
8345
18132
2990
13003
23035
22336
19739
17897
24624
8453
21594
19741
19368
8630
20079
7021
16163
9863
12560
13220
10427
19982
1925
6527
8175
17347
5554
13813
13772
8233
17038
18232
20855
5146
2538
10369
2062
3089
20838
18610
10063
8696
241
20052
16753
411
10888
9865
16297
4430
18026
21220
6195
19775
12380
22071
2344
14571
20640
754
14947
22324
16101
6954
11224
184
6004
3009
9513
7611
13296
15174
12360
7791
626
1948
8970
6766
2181
14645
4638
5754
4518
15866
18783
23463
9872
18528
21601
1742
20106
9191
7622
21678
2064
2107
2498
15396
24114
17980
4864
1181
2197
16086
14971
10629
11911
22250
14134
6530
19428
4736
7013
14838
2479
1740
12047
15
975
1986
3937
23131
9346
11690
885
15533
16212
13919
19944
575
7337
1651
16874
21279
7670
7353
21998
8789
21591
12179
16541
3501
13025
1205
21269
20154
3062
9127
8703
3345
5297
14590
9718
20414
21039
16662
14111
14418
7908
9982
9507
24514
13607
4422
13127
10737
2205
23650
21487
13347
3367
1396
14721
4757
1318
24710
17612
7209
15736
3343
20199
520
2063
23609
14114
14117
23613
22793
1734
6321
18845
17491
7950
13064
24829
15939
5284
2045
6365
16768
20950
10601
20575
24908
9234
10424
14209
5735
18740
11616
9373
3008
4647
10460
6378
119
21768
8859
22958
13964
11488
5568
9166
23436
12617
22815
1520
19870
894
6745
13382
12420
18220
17119
10946
14379
6394
12148
13966
16538
15315
3413
18927
4392
14638
19284
20802
24877
7175
11626
7861
21571
22035
13952
8609
8331
4966
7362
9317
19765
2854
22203
24908
20911
24623
5583
19964
23806
15875
16866
6040
10904
1563
23915
6063
5207
23545
6224
1040
22367
11923
10960
3978
18094
19922
24970
24946
13973
12951
4731
19279
11574
8115
11693
4894
9936
14359
10689
16220
8722
14965
12555
17052
4024
6852
2835
20915
23196
338
12224
8338
22016
15558
4882
16858
1763
1794
13526
3861
18878
17689
11050
15432
8266
15447
3731
21627
19930
14878
20889
10064
2145
23580
9931
23910
19702
9492
9029
20843
20401
15089
24380
7519
5027
21078
16511
21768
22497
20390
11498
10834
17352
21876
16184
108
4057
7484
8858
12696
7680
16506
15972
20903
1857
13078
3860
5315
9677
21707
7613
22637
4906
5254
3594
13678
13658
23191
2049
10190
2076
16314
15331
430
7344
12983
410
17148
19183
20555
3048
10116
24928
4763
4270
11611
16962
3444
9753
17115
23897
2453
22835
1449
15304
21308
19603
14370
2663
8227
18285
17229
12785
6303
1721
18841
19713
1283
11473
8539
6940
23592
11210
9928
5818
12677
7709
2582
21203
17495
24766
11619
15521
20180
6768
7663
12128
8865
9446
21544
3128
20176
2438
13762
24036
630
16928
19396
19451
12772
9028
10746
5738
8086
15017
366
15984
9721
17649
7790
20317
21160
11688
7424
20877
3079
7219
1195
4580
12024
8320
23748
14076
11678
14037
9356
23542
14277
8903
16141
19528
19496
16404
22366
3250
16519
4468
15061
21045
16056
17243
14140
12647
23059
1879
23250
3719
1400
8308
1502
16860
22057
6665
7035
747
15292
16467
9413
1449
2137
9223
20535
17897
10159
23878
17261
23300
1192
18644
17015
4754
20177
4372
23231
22768
624
17950
14212
13339
19524
7293
20908
12572
15733
5011
5282
14220
1152
9325
5368
11185
3996
2647
24691
12314
14625
3408
11094
12885
15936
10542
19544
23293
15383
2455
15060
6376
20655
802
3270
1084
9356
4133
12401
10100
13690
18256
22040
11137
703
19697
6799
20791
5360
12423
16530
23984
8829
11427
24924
19998
24602
5669
12087
13464
8253
20612
16992
8253
19838
13454
22038
23274
16408
3675
24586
11429
4766
11614
16907
23349
23763
12825
5042
17081
3556
6231
12611
20787
22621
7502
7374
10715
7124
3394
7696
11920
10124
17956
21879
15673
13492
2364
23402
2764
5384
24263
21826
22265
6037
580
4555
7038
13845
10316
17074
3467
16788
13716
19654
17768
15345
21501
4567
18710
2237
13327
5595
12408
4200
22857
10052
14641
22036
8702
10493
22732
17727
2643
14327
2102
14591
10712
8312
14822
8988
1314
7826
10374
3006
11437
1744
1540
10510
24734
10814
19581
20800
19510
5953
15241
19751
6809
7720
24501
1833
16412
12553
9639
2779
8935
13803
5023
12483
21862
5624
23077
14275
20328
23833
12169
5251
7787
2332
12528
10004
1977
18344
22189
6388
5773
13191
17617
15063
7746
284
1777
23137
5717
827
17464
11445
8257
6256
11378
1735
24117
18359
23955
24607
3120
9829
7051
17814
8227
2130
9898
12722
15514
13556
11921
11913
22413
2325
18800
5709
2888
9851
12374
13504
19628
9577
24809
2133
8575
22198
23500
17102
4432
7609
1325
23935
2638
17530
23483
23581
8780
5612
24856
4133
1741
78
4370
3323
12621
11203
16707
13352
5403
17332
1683
2328
2337
23612
10066
156
11845
6081
23439
18047
5501
23350
20311
9816
9474
24212
21692
18157
5518
21277
18221
10847
14974
16133
22750
11531
23206
24040
20863
1280
7308
20241
5039
15989
10193
23474
12552
1382
15107
19169
11139
13721
15141
8810
3655
6880
16234
4771
2558
13533
9066
19070
2318
23341
4966
3650
5262
11819
19665
18499
14783
5509
12818
195
11555
20945
21494
10863
21220
13134
10030
24482
10689
16291
1222
12379
12193
22847
4100
13018
6899
15018
784
16592
374
21463
1012
23906
23768
7420
18300
9231
20849
5681
8907
9404
13848
10378
21174
4236
4393
3471
21844
17858
21536
1608
9668
4884
24800
9473
1527
24424
17715
141
11632
24406
5276
7218
21969
7102
18570
17711
13166
13845
11608
7807
10247
24705
10349
1595
22905
9198
22412
3763
19492
10693
19589
8276
18680
12594
4990
21608
12513
17111
22610
10197
9941
284
6043
23321
288
10961
4032
20104
9662
15181
421
12107
9060
741
10665
11767
18111
14479
21203
17290
481
4819
1635
6452
12539
15725
5660
18673
14054
7401
24396
1851
20505
18608
18965
8061
14085
8180
11710
19815
16361
13772
6509
14951
4801
6662
22634
12352
1325
12462
24569
945
16534
24450
7829
22026
5492
5971
16475
13299
22721
1807
6386
21233
19049
1232
12111
10537
469
19668
429
15788
17992
2804
11198
23588
14715
2211
8671
8073
5673
2068
19807
17794
20452
20431
22292
22219
19892
24490
24484
17605
17495
12868
3336
14457
19174
4106
6315
15500
15886
345
24006
17634
14162
20267
15684
6372
21009
427
5452
19370
24028
11605
23834
6582
24646
19246
23175
16586
4648
10491
22813
10562
22025
10141
21074
6429
23956
5561
17050
13203
18162
1672
19785
19056
6056
23121
1098
2376
7396
11853
9077
17520
12878
19287
22666
10113
13173
8266
9137
10928
10481
23747
16011
106
12964
3139
8985
5272
5193
7521
1815
22682
13857
9743
23232
20143
7448
24443
23870
2263
23596
8623
268
2089
20213
17805
11478
20209
5209
14830
19641
10453
20518
14178
8963
9020
16218
18955
24069
20808
21815
20938
7382
10689
17168
11731
15792
19790
3209
22330
7824
4600
5204
286
15239
17451
13550
73
12456
13386
9577
24495
1982
9612
22813
3337
1605
9842
10619
1923
9849
17534
2145
5661
15239
6140
15078
18059
6966
21077
387
21778
1013
12519
4813
4508
5488
13469
8681
15419
15058
1773
8421
4387
22084
16879
13442
9158
9028
14625
10308
23699
6799
1255
697
14596
15994
5195
12286
11582
11052
15009
20028
5080
20430
4133
6674
8401
13024
6916
10333
21500
6941
8033
12047
22866
6103
4896
3116
18622
9171
23843
12438
15280
14170
15228
12623
3975
21122
21531
23271
3641
4744
22249
14420
19048
7450
5733
16724
3915
23229
4631
5917
21431
6341
15569
12595
2951
12981
10924
18552
8194
2890
3031
1025
20615
23861
2595
4502
14444
6171
17556
20631
14518
3783
3114
10046
4882
5940
19379
6374
23823
17518
2710
23372
21229
314
4018
5453
17669
9707
10566
24793
6980
779
19102
1629
17037
16555
3746
3828
18928
21083
3333
23575
38
9138
23131
6891
12085
6897
20469
5620
23529
12365
18245
6287
21432
16987
10137
11121
24817
11649
1540
3556
3622
10927
19188
22801
3430
11902
10180
18686
560
2413
7035
10764
24037
1053
17220
12257
20093
8583
830
1883
17312
3186
6539
12224
22248
21430
18642
9869
11238
22496
23311
20304
7102
18142
20664
11721
4349
3095
8563
20805
3146
1454
16256
16474
11474
7279
14157
4591
13821
17945
1454
22404
22375
7329
22818
12031
16948
16691
4536
14590
12769
11251
18473
23921
11891
2746
1981
9567
19635
4275
21199
23075
12248
24215
22181
6349
24510
2286
20211
8476
20816
10271
16076
6225
20690
22092
2659
15609
24410
3146
7049
12601
16442
17181
17452
2942
16813
16140
24233
2117
10794
17187
1119
7733
24011
12129
17882
24226
22009
17371
11133
15968
10002
3514
18771
14703
20084
13776
19091
4956
9307
12932
24099
17104
16067
1019
24401
14897
11290
14537
2027
2909
17680
7065
18097
13296
17550
9432
4114
9728
7482
8303
14837
6642
19766
341
312
13396
19982
5196
13498
15879
22459
18422
3554
12693
16283
9244
1316
15025
15187
4354
13415
16032
23519
16417
22252
21722
5267
19987
7840
23615
5736
232
11677
20459
15081
34
7767
5792
22321
16619
14545
625
22187
22348
3894
22076
9688
8772
366
23269
10483
24355
8771
14968
18463
13643
24224
21601
14674
4444
3833
17066
7824
12560
17085
3154
19341
6711
20971
22191
17306
11184
13176
12914
5883
23670
7860
4019
14708
19759
12467
20432
12704
13228
24761
15622
18141
5935
1211
7789
17708
3604
18244
12398
20373
4608
2174
15318
8591
22393
5532
8680
10747
11843
673
18484
23435
13641
17513
17388
14564
22057
6321
4018
15819
18284
24077
5280
14551
5499
7594
21934
22697
19737
10948
21659
19445
10643
4406
9539
1825
19899
4829
8590
21164
17138
18435
14380
21911
2452
24985
22498
22852
22483
3449
16745
10956
18063
17643
22057
9584
22768
9860
8495
15410
9205
12411
20535
19243
9182
4148
20687
13396
18372
9011
19519
24105
9337
9557
9196
18236
22668
2352
20835
3898
12401
5568
19663
21157
17167
8339
12092
6345
14814
20069
24842
21788
2021
21920
5356
23552
18404
911
3115
9105
17160
3153
20169
6334
4493
6359
9337
23430
24267
14361
22977
19467
19270
12680
22225
18200
6664
20027
4585
9302
13322
22420
10914
3827
1296
9808
24843
9535
17782
13735
23696
18627
14018
9612
17317
13985
24367
13957
3758
19550
9425
629
2873
6514
2344
24287
18265
7752
8528
15678
13490
15688
24047
21024
18186
11385
23745
15123
19508
22761
23250
5214
14724
1977
10304
7627
2675
24808
20214
5714
3941
17957
6547
10959
10245
1248
6176
19449
20295
18587
10046
18996
23864
19902
21482
12156
3935
9160
2135
24481
2055
21812
2006
6269
23190
20189
23766
6801
11261
12370
3457
10006
19497
20545
22553
9333
6403
12886
19507
11963
4296
14503
14876
18521
9600
23778
22798
6073
17498
14239
7423
3396
22795
16274
14145
15489
5369
2228
19320
9602
16780
12245
24909
4982
8981
14929
22986
9760
3961
24176
3592
5419
14132
12837
9373
23647
10389
22457
17708
6081
3859
9883
1675
5538
16122
3197
18169
3033
10605
4656
9922
8344
19043
15483
20432
6973
5095
4842
10267
1849
14691
21597
10914
20585
24755
11001
2892
13947
15856
22718
5843
17185
7281
11726
21399
1812
19830
8745
9852
8932
2455
23991
4121
14488
2103
24066
23574
21845
17608
975
12491
10025
20853
16583
22698
21146
10742
13289
576
18784
5277
23732
14230
13971
24361
16302
9069
19223
17549
13582
20248
11724
18536
9441
16872
11357
12524
3078
7236
16912
16765
6280
7123
560
5866
9260
15568
16216
11451
23154
7899
23887
22826
14741
21132
12490
9633
4338
11091
15312
9505
17221
19803
1513
15810
1938
12461
14633
6692
12285
19166
16905
18554
13172
1816
4147
10844
18985
2298
18070
6369
531
5347
10318
23029
1301
16368
23260
19995
8540
20122
14321
20806
16886
24688
14718
1668
22712
12989
9393
13644
12826
16396
4721
12932
20686
8348
16382
20486
15039
22675
17873
9574
17428
7950
7637
24456
15662
24689
19461
7546
11730
6966
9238
18498
22469
3841
711
2479
23693
7816
17721
8252
8965
13895
865
15490
1722
4978
21149
24392
12515
22973
19573
24667
2139
2172
2514
18526
11072
4495
21093
1489
21829
11148
15967
3740
18688
20770
21985
22295
13690
12783
10289
18801
5336
14579
7236
386
19100
20069
2975
6439
6489
7888
13853
11288
4969
21688
1275
23969
21101
10466
4876
13908
21644
10739
8174
13631
24326
8081
13410
1482
11523
11829
17085
7274
4624
8356
4535
23083
21029
4691
597
3425
4416
6245
5793
4838
82
24226
9275
14959
10375
781
12316
11179
1900
20691
6624
18408
10602
9769
18259
15445
5374
13305
16017
15463
23343
23200
2236
7478
2703
2992
21412
4143
15517
5158
23517
12465
3302
3302
7934
6327
1889
11135
1887
7745
240
22067
24498
2502
6208
13005
13346
20406
8168
8668
18701
23065
417
5838
24574
6519
7239
21558
13413
23056
18972
8072
20863
19445
14415
19020
1504
13896
23268
22533
9533
71
19498
12204
10817
18817
4105
23979
7711
24177
292
22506
6958
7755
10508
19783
14170
8679
12321
20344
646
4882
19843
7287
1007
17140
4229
22301
18258
14046
1725
22664
16614
890
15229
5202
6739
13473
288
16102
1357
6907
849
18436
13228
7766
15101
16630
5583
11729
16423
7680
24670
13317
3906
5569
4201
5038
14041
11337
7272
18618
7050
17241
22501
16878
3769
21718
3593
10428
7928
4912
7820
2606
15413
12701
4089
23048
23177
14955
22498
3695
10499
12070
15700
16178
4678
3083
3482
20451
4870
7547
24552
5799
14210
14592
5934
12397
13207
15704
19025
1435
10947
1939
6754
12026
6532
20594
5251
17384
2528
655
8426
17583
7525
9279
4451
6768
5183
6323
1226
15975
13536
16070
15306
5638
14245
14862
7450
13711
171
11637
6649
17725
7310
20774
18373
9850
3378
6269
17647
3254
7501
718
15989
24246
14047
10870
2304
6668
4005
14565
18898
1882
16159
18495
11965
7333
10519
13647
4944
10860
21751
24720
4468
18471
4413
4360
12044
21608
20376
20591
4681
22531
20708
17766
6105
341
11239
6799
393
19975
13977
1468
23060
21872
22289
4793
10669
2605
9433
13894
23654
10208
13569
10171
3786
15951
4032
12973
12695
2416
668
18818
13309
2093
20899
19586
11170
22994
13046
22732
11903
2167
1145
22536
9074
6915
14575
5793
12003
11506
8210
3379
13313
23770
53
11456
9360
15796
17320
6581
4015
23574
22865
21942
24553
14645
1665
6326
21002
21171
11348
7264
4819
5550
22191
3852
20656
12963
22504
1428
19995
17528
15855
1492
18372
22249
8095
2603
9384
16092
11105
9701
16733
23888
3415
16558
2156
3784
22096
17590
9415
7269
12305
7969
17738
1675
21048
5015
13669
21042
3101
19335
20875
19405
22237
7935
7579
6220
4019
2577
19089
14633
15391
9871
11638
12631
14062
15834
12252
7841
18041
9824
18230
18541
1200
18255
8847
8652
24108
23116
4182
14839
8300
20778
21269
15960
23295
18297
20032
924
22422
18507
10055
17434
7510
18317
22169
14445
18189
2391
20189
249
24432
2410
19745
7602
3240
13073
17295
4273
6404
12379
12500
7205
6406
6332
23970
3409
875
20446
2382
19846
6180
11181
6144
4232
11438
12643
22626
21975
11391
18598
12262
22341
18421
24608
6527
174
2403
9879
12340
18140
15510
4809
8636
1412
15781
4447
4566
1343
15388
2281
20191
15821
5407
5261
22353
20402
20990
19303
17923
17898
1529
13292
24562
5455
15870
22700
24852
6716
13446
7325
24425
5744
12135
2847
14364
15076
15493
1031
1377
14408
18782
24315
3578
24813
12434
7216
12467
23314
23205
4276
2004
22919
22073
10956
9269
9345
6101
1636
7075
9018
9156
7799
15460
7876
22005
22387
6445
19718
11306
7599
779
14478
22078
17875
22889
12661
12583
18114
6996
2180
9755
89
7641
4751
21478
24324
22503
12862
1972
14227
1910
14570
1799
17053
13822
6518
9598
9549
9319
12300
9887
1343
4402
21962
635
2050
24304
10560
11793
20906
20292
19179
18103
7158
15183
15879
18763
21134
2612
4687
19045
19639
3511
11138
16878
1372
7651
17548
454
23681
20018
4424
9976
19358
10734
2166
18218
272
23203
6353
798
5484
24592
13875
1489
18674
21463
5689
6726
19229
22210
1856
10035
19514
18023
23510
11111
12052
23497
7877
23774
10596
16587
15662
19561
23514
21131
21234
1025
9115
24451
13670
22888
22130
7707
11944
14127
12466
20211
14157
18035
5025
18092
5935
2335
18164
18814
282
24048
23321
14013
11143
2058
24642
7914
23474
22835
4170
12387
3984
10508
19719
11054
21379
594
705
20118
19518
23971
8744
15444
19857
6894
15459
19922
22564
24708
1192
10935
22123
22394
9000
16609
5344
10174
4104
18986
11451
2471
1587
1677
941
23606
17801
20041
8528
22529
24799
10816
18610
15319
24678
16021
5493
6532
15416
8894
15209
24974
13822
16716
8490
8787
6213
8528
4539
12233
15984
10374
2892
15244
9764
12090
23848
14322
9151
7147
9141
23160
17398
20146
20082
21274
20513
11511
17906
8427
11285
17413
6788
17985
1315
2535
8752
10380
18036
11284
4312
17818
17799
24358
16652
9560
10739
2209
6059
20992
21764
22789
23913
11012
8193
20218
3239
13016
8218
16560
22673
21534
20916
6426
5655
16277
22953
5446
5809
15848
258
23265
276
22394
3002
7564
2746
2674
13993
19753
15532
9717
16646
6241
6792
21453
20084
6010
11343
3094
20377
21338
4166
7234
9412
16332
6720
19466
18474
5598
14991
22985
2512
18252
23758
23004
22608
23800
12329
24844
6158
24452
8810
2532
17724
8389
6331
7026
24416
3983
20402
4303
4838
17707
21848
4657
16049
13109
14352
669
18474
15211
14668
566
2671
20034
14373
1845
24187
13493
13754
1712
19708
10291
963
18683
7773
20825
12278
6050
2482
21837
21120
12447
1654
12195
14421
841
10178
18895
4274
13188
11712
18732
14656
22502
19404
21852
12210
5961
15174
3147
16944
16556
10980
18142
2980
10365
5623
16783
16811
16988
17796
3905
298
5121
24855
1435
23520
7384
9810
17117
12106
17503
18311
10202
8144
23309
22109
24403
15058
6607
9556
11671
3664
6281
4342
12657
11646
21290
9014
17000
9902
15255
24235
5391
21036
3335
3291
23002
17938
14674
20093
5839
6388
14317
17195
19182
12921
12421
4674
22418
13046
20414
2771
5671
7727
12350
16626
7807
15204
14785
19509
18607
2935
6566
24134
1166
13743
20720
1718
7593
1229
11796
13129
7906
2451
7255
11156
971
24776
7919
5237
12485
3080
6526
8395
24931
18960
24211
2344
3111
6495
20794
14974
23080
15154
16166
24410
11330
3930
7412
14896
10162
14286
20602
5818
10271
9751
24169
4877
7557
8362
3997
20657
19001
19019
24769
24773
8886
11683
12485
6988
18093
22579
15279
6346
8024
1858
2206
10633
24401
15058
10804
10835
7148
10859
9507
15786
19110
3291
9660
20561
15606
20329
126
12401
19638
24310
5938
16317
425
11666
24922
22473
18609
13815
7500
13048
8949
24332
1419
3898
17819
7522
12808
6989
699
15245
23953
2953
23912
22028
7461
1187
20837
1247
18255
24931
22635
19616
4793
12848
18396
11203
3865
20960
188
9399
13437
11500
1392
6290
4089
19007
1983
4096
718
1465
19574
3253
3484
22510
1968
2922
10699
9277
12088
18609
21587
24573
258
19070
4654
11979
7813
14882
5873
19083
2911
4651
1478
1557
745
23996
10180
22230
3833
22895
3906
7343
21624
2963
809
10634
19541
19124
8355
20899
19478
7545
18632
20712
9011
8512
17285
4661
22279
11175
16925
6305
18917
11257
7197
22895
23961
2712
9360
14803
12303
18714
20474
18463
15665
10711
15133
7187
23683
6045
11725
13729
14974
14261
3283
15899
2210
3736
22823
7871
17466
17388
6782
20972
24208
16762
7263
4884
14461
18942
11794
18616
13182
9234
7252
18751
14851
22308
9179
7301
2464
7887
14718
24661
9264
13603
24653
328
12396
15683
17961
18775
3957
11880
14579
10908
10990
6334
18621
20467
5795
7655
8947
18713
4703
5229
1528
17324
5299
4147
11097
1485
16293
20889
2963
11461
2740
9370
22260
9459
18087
21908
10653
21622
896
9020
3083
7653
3124
21158
7325
22995
22170
23516
2775
20111
2529
5156
3575
13055
1538
8441
13648
19008
16516
21285
21197
5364
12660
8447
5839
8912
13248
22185
24906
7519
9090
21283
18021
4718
15688
22822
12769
3972
8937
11542
18254
10426
23189
22369
8338
19903
5020
6117
24507
7398
7479
10308
9470
11838
7945
1370
11436
17691
21705
9217
13899
20113
23309
22498
2799
772
11110
2601
23691
14749
14176
21117
111
22802
17928
16248
7708
5119
11709
20468
3089
2509
494
9667
11936
19229
20260
12117
24504
24172
3953
18042
12151
7769
10498
21934
325
11607
18162
11109
10663
14197
14282
10142
8119
1469
19685
15139
6866
15453
10027
21263
4156
13562
2771
7718
9796
23566
8187
7598
14342
12404
5523
6348
17060
9133
9637
24354
10014
7751
11848
15961
13245
13973
4518
16688
11300
8073
24541
14238
22072
16782
24289
12525
15661
16309
20189
7051
10992
2653
13934
20166
9212
984
20088
18307
3454
18832
15837
5305
8145
9732
11355
1902
1818
24271
11558
5068
16613
23274
23442
24034
17953
13443
13086
8071
13911
18843
6908
4759
16822
1619
11626
1697
9820
21681
16239
4906
13133
19438
2212
11606
2146
17835
7365
5630
19279
6068
18089
11317
15738
22319
10210
12427
21153
7368
6196
11675
3366
3706
19443
21231
24416
6712
14266
17522
16032
10931
3216
10250
3696
1689
9957
3622
10562
22514
9424
12885
24111
11911
7150
7847
11300
951
3619
1189
24748
10612
22559
8717
9133
23406
22292
17097
10822
6045
21479
7228
19715
21339
13601
5481
14160
7165
5628
24192
7107
23183
24889
3328
19773
21178
20441
6234
16204
1261
11539
5044
24473
20395
24492
10338
5626
2949
12328
11461
3319
4062
13703
7975
17769
21340
14279
24295
23440
17528
16054
6254
6056
6363
162
19032
24191
7712
9267
615
13502
13123
1160
11851
19636
14320
23818
6175
2808
21397
945
10463
7771
5454
7828
3063
1719
23407
4992
3868
12609
16620
4768
22830
2110
23345
19391
13050
13635
18098
19164
9703
13491
13070
4417
20976
24555
18098
17710
23570
16132
6299
16859
11751
17574
13887
10607
658
23220
11393
9885
23478
17428
18992
3060
13281
24214
17575
5116
22835
20270
12519
13241
851
24890
11157
2056
20219
3578
13486
22139
12945
2044
15575
23620
17135
9013
12043
1938
24815
20130
9823
20349
14031
9693
14834
19657
19563
7175
24874
1173
20070
15603
18783
19970
24673
5956
17404
3987
12621
2187
1129
6750
15029
8899
2245
3484
15105
16628
20209
15665
11996
15109
16455
15993
13778
4580
6241
5397
7583
1360
2325
8778
13248
12742
19863
5457
14257
4007
11257
16064
12771
21185
21576
9790
17398
12554
5515
3383
22207
4416
7038
19935
15762
19711
17542
5190
1625
4514
24668
24471
7969
18414
7187
2016
17430
8408
13815
10171
13673
22685
19846
12361
17499
13479
22711
3802
21239
16069
22066
16706
21184
18687
24726
24349
23114
9823
21045
14350
19491
18416
13107
20391
14359
9838
7775
16982
17922
3087
21990
9893
525
1862
22476
12056
3674
16020
19081
1113
5258
18810
22929
1512
14925
15310
21144
9017
9041
21204
12916
3631
14605
6306
401
3840
23843
19515
22774
14458
19335
2140
22949
16748
17682
9729
2730
15947
2418
5290
24321
22654
17440
1383
14740
6362
2250
311
21746
1683
15266
24692
21405
4542
2699
10137
13510
21711
801
15205
3496
1156
21434
20918
1102
1397
11416
6622
14837
11878
5000
3474
10774
9166
5323
19164
9270
9953
24910
2805
14226
15028
17660
5539
12014
20723
6938
17414
18382
6235
13263
11790
1279
22693
9773
19247
24730
21302
12553
2916
7221
23384
10289
15634
21752
7897
19906
23522
11400
9828
15376
9619
7473
2632
2412
24426
22494
697
7850
20665
18109
4409
22762
23417
12427
12782
3116
11193
12812
18591
15929
13287
10806
11372
21034
24820
3029
21141
6622
16787
2602
18369
20483
23421
3162
5281
10679
7043
908
518
6018
6932
9148
18529
5855
6960
16281
6381
23881
8732
16146
8558
10117
8455
24792
9771
7899
13508
2988
16874
23
19484
5317
16454
11522
7492
17668
1764
7209
4018
5363
2279
565
17944
23509
17903
11787
8778
8658
12541
3688
343
22338
24007
15839
3477
3891
11689
310
1897
6714
10516
7723
224
1
5954
21660
14819
13350
20185
16137
1830
5122
11984
14325
2906
5275
913
23606
15154
11162
13511
12841
7658
14596
11791
5685
12560
16225
15728
17855
19621
13676
15449
22906
13842
19169
15301
5657
21680
4210
4540
2615
10766
16624
2964
24954
224
1303
14006
1423
14298
11502
2612
12678
12991
24617
7382
23509
8944
15837
24153
15136
20501
13980
9484
17359
1882
10678
3980
5023
24353
16500
3996
12658
6647
3071
13295
23167
14918
1620
7642
19170
2254
15997
2906
9468
20867
7615
13852
3768
24869
14983
804
20778
10921
5129
3393
21693
17960
22706
11010
3357
18127
21334
5427
12417
12698
1294
17494
21749
15907
14131
1826
20794
6157
9536
23372
8849
15917
20094
14956
5523
16605
15459
10223
4495
15211
12261
10062
4479
16887
20921
5411
24636
22295
20573
22533
20644
5903
4621
6211
11914
14650
17785
21950
15060
18200
10674
13647
19753
24406
18002
20693
21562
4330
19635
7973
22884
20993
10648
401
20350
19627
18619
4694
11220
20663
857
898
13409
8661
22006
17517
1134
17112
23551
17813
17689
20532
14856
9424
10658
15625
18027
12809
2440
15226
3073
408
1150
11331
657
24525
7120
24770
24684
17627
3931
18745
5536
17320
10787
10309
21021
8248
3187
7710
6231
16688
16577
8249
3618
20396
19717
8310
3140
24302
24928
17589
15929
14260
11182
12619
8931
337
6480
22238
5134
3373
1036
16827
22035
2467
2559
13283
13343
5243
17501
5248
684
2642
9338
3333
17776
678
23717
17737
16412
19863
14795
2820
20693
6796
10866
20665
201
20665
20998
9219
15458
20655
3736
8117
19443
4827
3810
16321
9091
13772
11556
872
23204
347
10772
8319
4002
12513
17272
15034
2044
22684
3090
13172
6612
3668
14211
15449
6201
7985
6303
13459
6293
13999
19747
19111
12435
4301
23543
10697
24902
16302
1696
20328
21544
13627
2340
11531
8260
23613
15294
5381
13342
23052
20099
20591
11
23002
11879
4293
18285
20697
7376
8108
2535
4554
7881
16030
24864
18777
6396
15282
16772
20711
11181
9497
14287
10974
22833
5872
17293
18387
18652
2088
21271
15246
12874
3984
10892
10462
16317
11277
16493
7730
6048
23302
410
9054
11468
11325
20002
22629
5229
15814
24720
16821
6501
9139
19335
2348
4600
17393
5057
10731
57
2036
23580
16208
19670
20471
14426
7109
12681
11688
9544
17800
9679
6521
16509
3330
1633
12897
12495
9143
17175
12406
486
20508
13308
5492
24539
15930
12468
15600
1765
7015
8466
22525
4098
6119
18593
6178
12789
22412
21498
17579
22850
16794
24132
23452
3201
18891
13719
8256
24912
17183
21261
15850
10163
3903
19704
17335
8997
13237
7150
12417
13232
20479
17613
1148
8077
4587
10111
4639
14959
13715
19977
18977
16441
7821
138
16898
17889
15764
12037
9885
14163
18794
12083
15628
705
24461
8028
9146
10251
24740
2410
10074
23124
20823
23012
521
24944
19912
1367
11253
23310
8028
8572
6746
1215
8634
7209
7967
17531
2114
10021
15571
24406
18743
20156
12197
4959
21613
5423
24725
16915
1497
17267
10853
14973
12179
9330
13312
20387
1539
2764
802
18593
5492
2513
14927
8331
10398
18780
15397
7479
9426
21325
19099
21488
19125
12080
2466
20038
1843
13595
17921
15827
13116
11723
20818
23565
8132
8105
18231
23637
10416
2703
9698
6654
10615
6083
6737
4492
3964
14097
12148
4232
13924
22902
7847
24504
20335
3098
10448
12048
23908
5081
2241
20434
15418
24791
5116
22112
17277
13189
17990
9256
21708
7371
16349
10246
8050
15285
2192
20846
2419
2106
16857
18243
24109
22528
8451
21914
14065
13233
5724
21812
11734
17101
10308
13400
10744
1316
16113
14816
11901
503
22739
20110
8814
20647
15249
200
24638
7540
1259
6199
7401
3279
21493
14981
15220
17110
21414
17585
11653
8649
1119
20905
2969
2699
15672
18708
12378
11689
20016
16029
21028
6659
15062
15060
11907
93
18104
21952
14247
22951
5731
9429
17783
22610
16163
8906
11891
18969
19914
2412
18099
13363
17474
7668
13178
12031
9077
3181
11925
9247
17569
1445
11347
18655
11869
10536
4327
3740
17156
10553
12000
19929
18000
8904
13416
10820
14179
969
8666
9123
22386
13629
7848
15271
24700
23463
16796
23439
13066
12274
13777
3732
2985
19290
11082
16476
14651
22570
7864
17149
23406
14575
20953
10924
12327
18022
16823
1311
23483
4617
2595
1601
13908
3362
9919
20568
14058
2975
22453
14269
9395
7526
14778
8656
16893
22118
1445
21108
3376
19796
9000
4298
4588
2453
23407
6629
9036
18537
9240
4045
2276
22312
11642
13379
18819
22825
14087
3405
10915
24615
2923
1750
17255
15341
5805
17940
20780
23941
21399
11315
6475
773
1642
20247
22807
20253
8999
8342
22502
6177
21825
1146
6083
13146
1296
6086
9987
15858
10246
8434
6787
18975
10173
2313
6132
21553
20564
3512
5541
4931
7010
15140
19381
3833
3830
24129
4087
6174
7526
3239
24761
15941
23581
21520
20291
5168
15596
16523
9493
16158
24066
22191
12415
4240
22043
16975
12329
12233
1243
19663
16862
20640
14863
2246
10441
12581
13174
16977
22296
3580
12084
9692
17450
17015
19787
3818
20388
20621
10513
3631
19714
11808
22580
1455
13687
8022
22965
227
8855
8453
19688
4168
6405
7070
23232
16566
3710
21584
2190
11508
15964
19705
8415
23833
13805
18366
24858
11595
10566
23611
9241
15648
13027
4094
1650
15126
10497
2748
2101
8028
15088
14315
5760
14989
6468
9751
23528
3056
16443
10526
2407
12609
19698
18830
24242
18689
24203
3907
10966
22103
20080
19108
21086
13511
17226
8242
11790
20334
12270
19921
23340
11999
22659
8798
4570
4901
20204
9879
21674
18272
988
24574
2196
9350
266
12481
3531
7488
7010
19908
1214
3862
22121
17808
21280
2313
17882
15176
16096
21339
21652
12346
11747
17297
22163
19671
23959
14073
20968
22024
15020
19772
10322
18327
4064
3404
21442
21112
14376
10739
20835
14755
21725
12104
5754
429
7412
23142
24220
4262
17930
3095
3552
2746
22382
12799
23227
16303
5329
15118
6832
67
24926
4802
4021
2362
1310
16256
23934
8246
20957
7663
7965
7841
419
6171
10291
7526
5304
14724
13447
9314
11780
19961
1212
5294
17016
21875
3593
16154
20478
7349
977
8745
17392
7291
7290
18135
19285
15763
5836
11570
9672
13139
9033
4957
9497
2792
20885
11240
18051
5908
12019
11841
20956
21936
894
10085
7942
9058
21047
11883
19270
18433
12750
21804
24537
18592
11973
6017
6600
10288
2206
507
22053
11022
10272
18560
2184
5975
19506
5096
5922
9918
6761
2326
7381
18264
24046
17800
15893
5046
10125
22177
4101
20098
16370
10340
13216
24236
21973
3262
4167
6546
3287
19022
3330
16823
2101
13536
6519
4000
23304
24651
2394
22272
5160
18101
23872
17483
13197
2533
15426
9380
21360
19497
1403
7940
5124
9125
9461
13504
12121
9186
17789
24367
6754
12982
18724
7828
8090
1126
13216
7086
19341
18081
9184
2638
19403
8641
9908
7024
8845
3279
10531
2863
17569
788
11012
13535
20035
21997
17519
17717
1413
19026
19730
11960
5980
14267
19876
10784
21813
13582
20998
16360
19014
12423
10960
23852
19164
9993
4182
15464
4219
12301
15767
11387
24531
14361
22127
2119
8558
2772
11751
12151
851
5818
16499
11711
22023
471
3350
24280
12801
14056
15411
15583
9211
22450
1328
17865
3115
2759
22876
16354
1417
7609
17707
22739
10240
24592
14884
1135
13848
1950
17044
9101
1027
1196
16141
4608
2383
4917
16156
12859
2569
9965
6506
17874
5120
18389
18827
17168
9412
19301
16573
17242
1295
19362
11580
12102
17681
19341
21159
7785
3266
16836
14182
1621
24643
14492
16460
23587
5752
2013
22031
3842
14356
19189
1783
24160
10900
15919
21055
11313
18484
20810
16922
4520
6092
16044
3758
1799
19601
17399
21215
7677
741
8414
7759
22966
12274
18807
19816
20573
14646
13317
4965
3066
8074
23972
24876
7713
11517
21613
22936
2244
24121
10402
14684
22300
7017
12139
22665
5789
10624
5005
14767
14123
8949
18231
10806
13492
7259
15159
5135
15775
11404
522
2835
22580
12112
12944
6214
6840
1201
22881
8570
23555
4049
20551
6770
7103
23501
8679
11136
7081
17592
11520
12182
6619
19591
19351
14930
9630
1603
24069
8283
7351
3529
22068
21973
2722
11828
10306
4278
20830
24217
8505
20928
3819
23593
12412
23291
13398
10223
9599
2259
5785
8628
7196
18281
24992
22891
19095
9597
4828
22711
13467
3100
7042
20150
22956
18922
4353
1148
5616
18220
9717
20047
3570
1006
14419
6436
3072
19369
3999
19266
11485
3046
9167
18319
6676
24552
22798
22056
2604
19351
11221
16353
2221
21139
6161
16100
8273
13451
15984
15000
8976
523
7783
6482
22746
873
14805
3277
16199
11903
15139
23769
11970
6037
7100
1905
16818
9689
4646
21757
12344
22588
2809
16215
3633
11654
2645
10955
11885
10940
23356
12576
4568
1428
24816
21214
11592
4154
12805
9208
15437
12907
24485
20402
6432
7079
18217
14289
11651
4165
22737
24458
1062
12252
4817
1786
2295
8489
3558
14220
2710
16088
18066
143
17826
22692
7050
21897
18697
18289
15410
22187
1884
13943
4425
9740
11215
3245
4597
10330
16027
4015
2348
14849
8942
13640
7663
12610
1220
19217
8577
6231
8258
2324
14359
3831
6124
19040
20061
8398
3641
23232
21032
6313
14174
8416
24568
20747
4192
10553
3111
2454
2463
1607
21354
4845
13518
20313
1911
473
1962
16195
15522
7864
23088
24007
21344
1656
18816
17205
24176
7216
459
17582
14609
22464
14945
19149
540
17582
24053
10429
6826
7227
18086
11691
12971
11723
9094
13418
12487
17746
23649
695
4283
1669
5070
269
19773
24226
1573
13863
22553
11389
7602
2551
17948
16555
14392
13570
8230
10009
4540
11142
19885
4912
11451
3343
24101
6760
22311
5397
16805
1450
14987
11416
15601
16740
2421
11385
17077
11832
16382
1573
11557
11348
9573
23897
3789
3357
8455
23249
1694
4873
15435
10185
2319
20731
448
4856
3019
22147
18152
3468
605
15414
20347
23943
7856
10815
24516
21302
24006
13082
8966
5550
18517
21044
20065
12237
6140
1190
2072
4603
23526
15437
5170
5133
13093
3539
9986
3759
14942
13518
13436
10672
16013
15935
4819
6545
4127
8586
19960
16181
23776
9569
3037
9017
17496
4960
23286
9971
13661
11755
24573
12900
24839
15484
17515
16852
22454
15193
20878
19159
9373
5295
22934
15280
10523
9150
17538
22946
2268
23100
6514
3838
12028
8125
4648
10109
3544
17618
3928
19151
11182
23551
16693
2885
24211
8971
17490
9436
13100
7444
20996
22971
23404
22978
19777
17714
12522
88
20534
3506
14631
18801
24526
18871
24442
24140
12784
18595
21293
23566
10603
10213
10605
14071
19823
18665
476
7964
260
10508
7456
229
19870
10036
36
12165
1852
14302
6359
14869
8989
22214
15282
4296
5620
11305
21212
11209
15194
2020
18605
14127
24744
8609
6364
291
10438
11460
595
4841
14575
16222
23215
2395
8239
5528
11498
16130
2727
3366
16346
15567
7372
19828
7458
6536
11763
3089
19739
10296
21997
18943
11552
22522
10233
22528
5734
24958
7875
9439
19000
16160
17151
17260
725
17372
5027
17604
1976
16548
11271
9303
18055
898
9716
5353
18705
22638
23968
16657
12384
11136
22523
8081
6936
23357
14142
19094
11936
22763
23329
18997
17799
2177
10144
16340
17791
17630
913
17737
4433
5660
726
11262
7277
4927
7382
18546
24071
22471
7259
15105
11921
2379
2582
1250
14730
13202
23716
10518
11936
4258
12363
616
10132
5041
10185
5257
8464
22712
13160
1811
13737
17158
24718
17678
23102
11865
2126
24714
19835
11040
5022
8044
23809
21977
6092
13677
16749
13666
12066
15655
11720
13688
16479
7245
22398
5466
5424
14643
18230
768
24267
11445
10281
9949
22588
16247
22240
10559
19874
16667
5909
15190
13507
2433
5950
10134
17490
23849
22377
6157
3899
18101
16953
14432
12291
1511
23971
21456
20030
22604
17095
4132
14801
17725
3511
13289
14246
5054
8084
12872
6826
13067
22916
10393
22509
19023
7848
19890
7340
4590
19947
1677
14092
2763
22175
15691
13883
15180
20113
24433
23604
15926
12819
6532
23168
23008
10953
24117
24572
17443
1896
9315
18395
18577
8235
7118
16823
17734
4293
17954
3847
3704
20560
7748
716
8238
1540
21491
17331
6525
13460
18515
2727
3611
11532
21153
11895
1083
15711
2111
24169
6892
1565
14922
19519
4505
10385
24420
10840
3131
1247
19331
3298
12614
15502
7558
17259
11205
4343
16692
20915
6880
4548
20785
1616
19204
1099
21836
5236
18345
14353
6132
6842
24997
16468
24100
5532
20879
15825
23636
4312
19777
12320
17307
23844
16850
13743
7847
4093
8302
9150
13427
18225
20351
16750
10286
3451
20648
10447
21299
15929
24809
4203
6811
7488
1115
14192
18215
8886
23607
14483
7034
1156
4894
5179
8169
3040
3618
9934
24352
14161
619
5965
24591
15611
5306
7960
19511
22750
23366
16718
24868
17797
10989
18455
22780
1654
5978
14606
12305
18024
91
16165
13615
19969
8144
24101
21357
7162
20968
14627
15997
370
5522
20171
15001
8614
9048
2239
17465
2835
8440
22750
6281
15535
1937
19118
13730
23538
2206
16776
17487
21251
4070
13680
1682
14885
266
19086
349
9404
23656
13381
15479
8359
12447
22702
848
15749
23889
14284
16549
10936
16729
3922
15897
5101
23278
23907
15879
17562
770
12193
15859
22930
2521
9201
2845
12199
18115
8461
9189
15331
9630
20210
9691
20157
1050
2018
15428
22744
19947
17267
9617
20036
7543
8740
4658
7598
23299
10198
9756
1686
3558
12453
19492
9685
7145
2119
1913
758
3486
4045
2968
130
8576
5595
17619
8731
4485
23040
19984
6530
22301
17648
12023
1463
9092
16964
22503
8579
16995
12549
12677
20760
13247
2303
18244
20485
14278
7004
13279
20546
17892
10639
17092
14872
8705
10742
13749
9892
6604
18253
11147
22476
10070
13618
2108
11674
21619
4313
19614
10411
4793
14631
20437
20212
16819
55
3251
3112
1705
21535
17498
16603
7527
15825
5222
17854
3848
19911
14582
12497
6502
23828
18315
8694
23788
18344
23387
23991
21138
13080
23327
15349
2474
8152
19933
12417
6991
24284
5359
18163
20113
11887
2523
3618
2624
12827
23641
22763
12815
10783
24802
13605
16784
17232
20591
1662
18691
3594
23949
24335
20243
22066
5632
5667
20079
9840
15767
18325
16157
7619
12607
1200
5634
8231
14375
17513
20388
18877
12652
2799
14256
22520
15226
21064
24153
4984
24742
10340
9884
24073
23168
11709
1929
616
19114
4044
20401
15110
7666
3528
68
6088
9499
4172
6318
6426
295
4445
23771
12196
11872
10502
21231
8796
17517
20798
22074
11218
12082
12329
6843
1104
22769
12069
11251
466
11335
12443
6409
11263
1809
4059
3832
17160
1199
2150
14511
19334
19079
5936
11354
5893
8522
4169
17867
4649
23911
15392
2907
5503
8540
7955
13775
22508
24227
6902
24298
17441
17485
22478
15160
23037
1884
5053
8258
21944
2957
15617
21444
20940
14928
20002
7437
258
20283
13898
20624
6681
22229
3453
8853
6533
22796
18058
11451
16571
15015
2186
1248
19664
14532
10642
20091
3745
14762
821
23102
6392
6990
10988
5524
4562
12649
24421
4201
16743
20211
22004
14688
2618
7566
6511
3212
225
22735
18218
15978
10878
2730
19744
23759
20007
6068
22761
6719
23791
12969
20808
1854
16703
18438
20536
18829
24423
17180
1055
6148
10881
17981
11299
13203
24460
21885
8587
19316
11102
2757
19666
21823
1205
22420
15026
22063
18325
14078
22114
15400
4291
15626
2650
2386
1275
8069
21220
14377
12803
18628
24170
6714
13181
1859
7950
19698
1513
11415
10607
21658
21091
2175
10640
19281
10370
2622
2319
8233
8517
15387
22209
8522
16849
19317
24856
11448
7954
16554
21548
21977
3237
12192
7991
5303
1642
181
3154
24355
598
17959
633
3035
13379
11411
21845
7367
15014
2211
97
5452
7971
3703
13720
8125
14411
21484
5653
12677
17973
715
6863
21698
18691
10694
12114
12476
23383
17147
4014
4476
21366
6231
21318
1388
15077
19761
22468
8953
75
14676
995
9614
803
1613
8520
595
20632
19375
18687
14795
11580
9745
825
23582
7986
17765
9233
6078
24923
6078
10069
17759
17583
11086
17438
22834
7551
24168
12466
20825
10899
9150
21902
21802
3576
950
21062
21641
1831
5433
2222
9886
1977
11077
6324
1659
21073
14864
18788
4761
13999
4140
24867
24322
16284
11482
9811
5353
8698
10798
4941
12381
23561
24865
8913
4156
12928
23168
10630
11876
12030
768
10822
1975
12723
17961
10295
21896
23831
17310
17239
865
17091
6821
20793
15732
2668
17726
759
3147
19113
24107
6323
1636
22538
6274
2263
18198
24528
11048
18362
18002
20488
13556
13163
23177
8376
13013
11056
14283
23917
3169
21935
5449
14782
8047
5595
5579
9139
786
1147
8466
12620
6018
9855
16617
4045
21677
17764
6177
20486
3967
11246
24210
3457
2644
4624
2263
8264
18002
4019
14072
16737
10069
2799
15292
17092
1751
15652
12499
15065
24121
15558
20809
4331
3341
11561
15331
3666
13206
11095
11229
3529
22567
12251
20271
7707
16341
13244
7730
9100
20784
9362
2788
20596
21130
12743
1572
10418
24137
13869
20471
9060
12113
1474
14548
3867
21124
10492
20225
13536
17548
18262
13092
20838
16794
3638
13418
19023
5775
20037
1461
1328
12301
16921
14666
4406
38
19239
9194
6608
13156
14291
19655
9134
11379
17206
1326
15918
11981
3445
23927
2260
10439
19066
2406
20345
18164
17027
2135
16999
21651
13047
292
17166
12224
3235
17648
13902
11639
24537
159
10633
9284
15897
18543
23031
3622
5866
4457
11602
21444
15149
14154
10762
1944
17014
2013
21696
12543
8503
13568
15866
20742
5812
18347
20186
21478
2369
9170
20261
22352
13951
4711
8519
16860
10782
10352
6024
13582
5742
22525
3365
21955
11592
14979
9363
16525
5069
9610
5121
24761
9481
19220
9943
14151
8175
2606
3536
15268
5072
6341
20135
2145
18454
24148
7312
6846
22905
17833
9330
4182
11816
19562
19119
16103
2356
20318
23792
21898
12914
19471
292
2931
5474
146
1023
11209
15226
17955
2801
18500
4299
17092
16109
14890
15909
3157
16864
22326
5307
22183
20537
6498
22098
11495
2963
14870
9836
11547
7547
22237
4886
14582
17796
9234
14002
20802
19171
16146
2689
1760
16412
13257
571
10073
14601
23804
16832
23424
5520
17175
14073
2470
4999
17250
7615
14047
2830
7921
4849
224
4637
22003
3526
2722
9881
13416
7389
21108
9455
9779
22840
14230
17702
15853
16343
20398
10963
1678
12803
6743
9446
18661
252
14149
2502
16262
1219
12715
23922
1193
3220
24119
21537
3318
5135
4432
20054
11112
5087
9174
8397
20928
22292
14396
5093
22841
4782
23529
15525
23010
16836
16310
2307
9518
11232
13145
15108
21880
15307
13909
14735
9
18048
4292
4932
20723
14041
24370
16734
22645
19376
9014
12361
23741
18327
15169
21443
4357
22057
5075
5001
22232
12944
24465
15672
17890
24755
10868
8325
11995
15189
14414
10350
20011
14144
17435
6391
7524
20192
15894
10219
13126
22395
23983
8429
18862
5403
21755
5328
7945
3615
15709
15544
1899
12505
15477
20657
24907
11088
22687
23459
10953
24221
23564
7447
13784
21299
12228
12145
905
6984
23597
427
4595
3051
17612
3435
17147
19911
17818
3024
12478
1434
2081
13882
300
11010
13494
3630
18401
95
10744
8938
4396
24423
2590
6178
6555
12724
1166
11473
9540
11889
23012
6302
14687
12765
18627
8844
6144
8702
21595
16101
15443
11891
22832
6509
8765
14511
21175
14606
10079
7570
10510
11334
2862
22622
23916
13682
1251
7303
16473
15821
7620
6753
8325
23609
8909
4468
12463
14480
7265
915
20771
17521
5603
20688
11989
14056
7816
18193
4998
19621
1848
15816
15842
2589
21288
20018
18544
4476
3201
20614
4859
19575
165
7516
6550
1656
3559
23448
2490
21418
3999
3409
23947
15043
6144
16510
24455
21213
22430
850
23337
18705
17886
17713
14432
13520
20380
20849
12847
17706
24305
12066
19461
9525
23577
8012
3993
22764
19496
20144
2954
8056
2658
11112
20462
6134
20188
24696
18175
1896
5836
2962
15789
14025
14162
852
19425
7623
1157
6883
12746
1767
5816
7251
2285
602
6201
11091
11351
14083
5816
16784
18713
21733
19576
14688
21094
24879
16885
1798
5420
6250
657
21337
1121
2400
4811
20758
6254
9200
9999
2269
7733
17586
24338
10810
5083
21198
23717
23060
15610
13132
12420
9944
972
21736
17245
15493
11133
14870
3529
11374
15437
11772
23569
8041
13058
16690
12929
23307
19322
18744
18061
14912
1328
21792
18069
10890
1135
6325
5692
3113
19732
17026
12637
3684
24526
17825
15492
15096
7864
18661
1510
7099
23020
14815
3182
6536
11578
24012
6561
6344
4013
12220
3394
19083
19790
10699
1717
6083
12409
2296
13771
17236
23479
18333
661
1129
16234
17738
13796
16202
19591
19729
2453
22704
4432
23705
24830
19767
4141
3665
10114
13020
24402
22145
18420
13927
145
16755
3207
8616
9702
6323
3533
8591
19204
922
12603
3038
20890
6097
5945
8885
22218
19118
21653
24424
2494
24630
6367
12986
668
24225
10269
284
24461
4969
17901
741
15048
20623
18412
8369
20256
22511
17064
24278
13201
19626
11569
13404
21525
6294
4287
19406
17007
5835
2088
19513
4282
21441
22726
810
1745
5050
19054
17454
15249
14746
19951
21350
4944
15296
22311
20082
17963
17186
6330
19795
15577
10646
16253
7037
18945
3719
378
371
7268
3946
15431
14550
1264
15108
13036
12256
18588
1669
15908
12911
9275
480
1425
17608
8726
4699
21516
9052
7275
6843
14934
19597
757
14066
24393
7077
18109
9382
5551
8082
22386
11763
5788
13610
2502
2829
19699
13663
7886
2917
3738
24273
3838
15648
4043
11268
9213
14711
11876
1579
15418
9203
23012
12525
15510
4678
80
12560
20823
7202
10218
24555
16015
22736
16615
6577
17978
407
5875
5843
4877
8942
16712
21106
6269
17509
2358
6035
5024
18185
22652
16054
13422
15111
10728
10548
3870
11643
18087
16591
23092
24193
464
7582
1051
65
9683
13017
3665
6534
7069
23499
6651
13382
7940
10690
8989
6260
8328
5366
12425
12047
24864
947
16624
24775
645
14168
19888
12961
13483
20935
8967
3559
280
5090
312
8627
21567
21341
744
4045
24524
7262
16840
11813
3757
937
14244
22772
19163
10511
3544
1305
2300
11888
5830
22757
24096
21811
14137
8123
9691
20240
5346
7098
6302
7168
5023
1628
21187
3558
10758
14185
13025
12716
4468
15403
1501
13090
13309
24732
11356
4380
3138
5569
24857
4220
23346
16056
23624
6784
10431
16487
6051
16060
10876
7178
22496
6290
10891
24036
16829
13728
5304
15760
4202
2062
3608
18547
22030
19379
22979
24356
24263
22102
7488
3892
10645
21215
16357
16408
4597
14728
20470
6678
4776
6881
15699
3036
3064
16139
2450
876
16643
24963
470
12790
22543
20781
20585
14382
23969
22209
21588
10542
18774
3434
11547
5983
9485
16385
4553
3711
9717
6490
14430
13761
15640
7560
12215
20184
11580
19796
21739
9089
4465
15247
8926
23352
21568
16228
8314
24588
20516
20434
23322
23045
1812
8495
3654
4
18553
15512
4483
16125
9829
4529
22898
14712
21568
3321
7223
19570
11308
19420
11218
17807
17799
489
20923
14238
18092
3068
17701
24952
2212
22373
23030
2534
730
22008
15426
7552
21804
21649
16245
6903
4053
12392
22744
22834
20597
15953
20567
17664
10908
14975
22069
23982
3229
2761
22425
19355
17432
2030
11222
4221
24549
14120
3847
24038
13290
17475
16147
15164
104
18274
22619
13424
11921
10143
13941
1246
1707
11319
2147
6691
11102
19053
18902
15603
6060
18193
4285
2492
13097
21192
17235
13278
3089
8533
21113
11992
20628
1832
9020
21913
10447
22663
9437
24824
3883
127
13979
13246
22004
19494
6387
9299
5410
12584
2957
19300
3270
15314
5347
466
14631
19745
18920
6673
4889
11906
7393
7564
7300
15717
21699
2423
21542
16345
10713
17275
22126
3648
8188
22879
7423
13339
6169
21874
22262
30
21630
6945
131
15458
21596
20134
2067
2939
22727
2040
13385
7627
5015
9128
13804
24884
1980
20974
5215
4661
5552
24315
7326
5173
18274
16918
10126
18203
22067
4581
4571
24036
436
15426
22598
15134
20112
23099
5344
20704
13626
14842
10345
20453
8123
21389
447
22373
19813
12223
23261
7837
10901
5157
9594
11751
22251
22617
657
11192
18084
17502
23315
6571
20060
8520
20045
12770
22641
23874
12638
24348
13919
23394
13332
3546
4827
5212
23632
11837
4654
24188
6287
23408
8039
3550
4507
12714
981
23754
10630
24394
20417
7035
13211
24332
15555
2165
9822
1429
1682
1906
11760
12617
14219
20139
2469
2917
21937
3557
22048
15424
13533
21698
1837
1271
15337
4969
24001
2520
21383
8694
787
4333
16971
5995
10407
24811
22185
6130
4675
7460
23939
7378
13845
20960
24796
6278
12628
4624
5324
3616
6844
24229
18285
9643
17219
20013
3784
18296
2055
16264
22953
14306
17874
24429
1759
12392
22918
16947
7455
14038
12286
22162
11486
23862
6456
14929
10060
8300
2642
20873
9834
10985
5806
14110
12904
16195
9516
13119
15608
23260
24054
15235
9797
3632
16586
22513
15187
8740
5659
1733
8703
4588
16298
19091
24046
21138
13903
24599
1895
19853
6986
5094
2562
17002
9517
24859
7025
6862
7374
727
16855
24967
11541
2605
11531
8082
3730
13242
20525
13867
24913
10410
20496
10949
9989
11323
19403
7150
10532
95
5037
17796
13122
2520
2995
454
19008
19072
12461
14019
2887
2384
9222
17090
24254
17535
1581
15224
2204
20412
6827
8835
18844
1470
6548
4625
17086
13390
19416
4093
16406
344
24602
23936
13966
8929
15137
21319
12092
22933
13245
8497
9922
8753
7345
5277
4768
12863
2960
11692
6803
6057
233
6408
15396
11359
6661
8021
10928
7009
2774
5037
19129
12841
9933
14806
3534
17048
2151
13784
12347
21425
622
20262
2062
18648
19731
4987
22147
24440
13794
1686
5861
8008
5066
5891
4059
13751
16574
2725
23958
23260
1985
11651
18099
9357
9364
3541
587
18706
14642
11131
17134
11474
14067
4634
22613
5826
23749
24889
9718
23334
20346
15986
23838
1669
13105
14864
15755
11021
24540
22208
23013
7652
10620
4861
2654
16976
13515
6107
24497
9647
10742
18744
19861
3194
13229
9381
5689
17125
4605
16535
12315
313
13590
5763
21134
722
9746
18122
12750
19873
12662
15262
16042
24751
20383
12291
14404
14339
4885
22388
24065
1336
18756
22111
23135
9558
2271
7939
327
14941
14612
5093
2800
5924
8104
21372
6288
3772
5888
684
5305
5575
19525
6802
21426
18439
15264
24505
24176
14375
2815
7565
886
18768
8180
18846
21319
12191
24607
13058
23112
7349
19279
23800
2180
16236
3287
14249
933
11816
6671
91
10551
19699
13287
23297
23768
8424
5874
8617
5035
2290
19508
2003
466
15172
8312
20307
24798
6667
12826
16868
18320
17819
23574
22472
15507
13584
8975
19485
23618
19025
4206
13283
4276
17191
17154
7118
17939
12368
8165
10395
11385
19985
13143
10999
17318
12901
11282
1607
19704
24693
15647
6302
14566
14986
24878
237
14009
12804
13184
14572
15710
4577
8662
1500
10926
6682
24818
20423
18911
11694
20924
24001
23393
824
11591
11333
16647
9511
13973
21111
3704
10256
8985
6312
14415
17113
7439
8982
22388
1658
848
3318
20078
2589
24687
8585
19104
22024
3449
19721
13508
10687
20536
16673
21557
9284
16555
12402
3050
18018
6917
9364
3300
21343
8772
1267
23498
22465
23188
9312
8417
10576
10916
18950
12067
9370
13506
12506
11251
8778
9768
8325
19020
11694
8504
3803
14289
10718
4413
18445
10052
19160
2267
17856
16146
15468
1014
7728
2263
24317
11184
6839
12568
20102
14306
23220
3695
3602
21150
6957
19559
5539
14951
23965
3159
13760
23350
18179
608
6124
10108
20673
20268
23679
9506
21047
11272
15211
19133
14611
5109
9339
17561
18395
4894
8359
6625
23434
13279
16668
18441
8702
22433
11815
16357
9322
19563
10419
14357
2812
3408
13623
23394
10129
2701
12979
20824
20107
12698
19412
8163
7376
10464
3433
4234
15823
18126
19289
14101
7978
18934
12927
7256
24403
12229
20900
21914
12904
23536
23775
6774
7507
9369
21058
24520
18454
12918
12671
15732
14172
11057
22878
7605
21251
11818
9759
7253
16007
531
11175
11349
12110
5202
8557
8158
7077
6829
12602
21425
7975
13629
14049
18538
20361
5222
20870
16426
4726
8609
24267
24438
7164
16753
4414
13048
22703
23813
4279
24848
18917
13364
7
16403
24261
1829
5060
19561
4036
3268
15212
2224
8845
17318
3314
6961
10128
20936
12962
20697
21939
23397
23287
19427
10091
22580
21858
6309
23225
14909
15634
19959
11518
2024
2450
3046
16869
4071
4666
10105
20735
10932
1861
9109
11610
17602
22006
467
16725
17483
3131
22499
1393
8327
13252
353
77
24530
11925
4927
11819
14200
14289
24442
18984
7321
925
20700
24009
11221
7373
5027
4347
7380
16499
154
584
4575
5265
24842
16887
20812
9120
18219
7718
9441
1301
10184
24127
15317
15434
18879
14226
23519
6442
14577
8128
13217
23970
15096
19736
1186
12516
11948
16282
15595
23069
5545
11123
4824
13403
7299
23654
11991
5593
15176
23866
13023
19953
17347
14383
15512
18397
9842
23910
5903
18149
2503
7622
1018
7796
13658
1254
177
18759
20781
1805
16698
13454
1850
22009
18152
3232
4106
1991
24853
420
19374
16083
2067
18853
4139
4454
23069
6522
8693
8124
25000
5286
17159
14250
18457
9687
19837
20988
4826
10528
11480
23815
5705
18325
23967
9212
11760
19726
4353
11929
14789
16016
15078
7697
6396
8842
7359
16843
1200
17672
3784
4941
13710
13895
12868
14464
12749
1680
15657
7567
10707
18586
13466
10374
24091
9999
1134
13820
17772
15604
2862
9281
15554
8028
5960
10976
13920
10102
9907
16310
3481
16656
8392
23224
11988
15442
17829
10886
10539
20681
20179
19653
3192
6623
13964
12180
19167
19113
16024
19860
5639
15832
14202
14002
24646
21559
7485
5922
3351
533
3685
21114
361
8641
10323
13872
12524
722
154
4744
18867
11065
19919
14360
3301
8500
17661
19803
19847
24452
2757
5080
2694
21509
2432
17463
12870
20221
5144
3329
8980
5533
13715
2628
23856
16619
14767
7696
20411
1539
6721
12063
13507
23777
2054
17968
15879
18902
13579
2689
11439
16568
14938
24865
6815
10994
5784
19740
6242
6472
22651
7269
17336
5905
7469
4781
21562
24417
20994
17892
5068
19132
3273
7428
9109
14314
6144
7860
5297
15413
9919
24639
12041
5049
12256
23629
20753
1528
10363
12819
9950
16399
7710
22379
4562
15412
16292
6154
3189
18435
20816
1207
23216
21527
15705
20557
9192
3021
14722
5571
13163
1035
8787
21586
9699
22071
10951
353
6053
19138
20507
15532
21474
9910
1414
20689
4031
12096
6014
14079
5660
13009
10047
7138
12760
4815
7098
24418
11297
2885
3183
10044
19108
5021
8839
18494
15506
11101
18279
2447
17551
5585
2885
1760
14534
2088
5602
2309
6436
10192
11876
2421
9236
12687
21152
1236
13199
15603
10437
11914
20071
18366
2956
21330
1455
12898
22090
4885
22086
23430
3243
19618
9124
2778
9507
20104
19196
18043
16226
24973
23367
24949
7110
20378
4387
7115
24428
12976
22542
14662
18124
20652
24591
20889
6455
16708
20497
12510
13823
980
4761
24940
8048
23287
13031
24716
14302
9582
15880
6654
8420
17374
14930
3617
7653
1985
10498
19212
17281
10171
9528
14211
3688
14722
22460
18756
17762
16409
17743
7836
15270
10921
18134
5011
16733
14425
20904
8359
6782
20378
1067
18936
9988
15849
11015
1407
2017
1634
16895
3611
5688
15596
12046
20861
22222
13759
20556
13339
9441
23757
13272
23626
4559
24372
10972
18474
22713
21905
1080
5296
10359
20954
9574
22707
2401
24609
4894
21332
4796
13830
16271
36
10045
10597
3999
20481
3288
3693
22466
11832
6715
8616
13895
15293
10028
18467
17264
15132
24580
20876
23287
21905
2570
5749
17969
19539
12536
2546
13439
9009
24904
21521
14907
17673
985
830
22637
20323
24649
22478
20130
20234
12194
5960
8350
1654
24567
1872
2015
18379
10668
23534
522
8500
12413
19447
17022
9140
1384
16695
11826
1951
14232
20640
8888
8636
24814
6323
7560
24108
18757
3504
19101
267
21995
9403
7988
19268
14637
14460
10144
8425
4250
327
814
16603
23352
14244
11851
4948
6334
5409
24823
4187
20131
8865
10292
17099
3588
6068
481
6553
21629
2036
15260
1420
15078
14738
4203
9820
5005
3987
8096
3442
12869
6620
21629
10786
1284
24951
19478
5923
8963
15573
11344
19266
9184
3749
12639
3442
12071
19723
5928
14693
12859
9839
11906
21911
2201
21983
2897
5765
10656
22228
5421
20465
23015
13302
14624
19996
10224
5645
855
3716
19130
14979
3956
13540
10673
18096
8670
13090
23109
8929
3082
12522
15691
6138
8447
6484
24363
13771
4387
11341
17524
15572
8576
9247
2552
17073
5006
3572
9550
4623
8522
2840
13975
10022
15043
1457
3170
14928
11488
24796
16587
20245
4636
9830
13311
20883
4393
16457
11595
12011
11035
11460
19908
13617
6305
22342
12775
22029
12581
3401
1648
14071
16413
5994
16504
5270
750
6490
5570
16059
18122
22089
298
1686
225
579
6973
24763
2369
24906
664
22511
10216
291
23641
1766
23568
9363
5967
24812
9700
2065
9625
4266
20811
232
7369
4472
5929
5423
10502
13156
14309
6267
2467
773
4517
18332
18291
18845
11136
12923
23854
989
12682
10983
6486
20389
3835
17177
5042
18829
8711
5907
2430
1060
9293
23985
8636
13622
18543
2481
19374
12947
24461
24273
21427
18056
3987
6157
2361
16200
20816
22813
24634
8331
3557
9523
21132
4977
818
24979
18798
20495
5342
18857
637
16352
3295
14878
24071
16104
22555
18739
13292
7815
10180
18883
20810
7084
5320
17642
6708
8591
6013
7176
17503
7096
15379
8885
12537
12675
20201
22750
4379
764
11159
14693
22598
9131
16555
12057
6949
21830
22875
16445
526
2501
40
11928
3736
4865
14773
20777
2391
9228
8720
6077
2245
20314
8320
14273
8248
19216
20047
12374
6454
4810
8422
4405
5646
14195
15407
15659
3069
14037
4006
4271
1389
11365
8771
15022
15072
7654
23118
23602
21949
21359
5791
6458
12547
16680
5231
2890
23237
24298
3371
20159
13587
19848
5639
1124
8837
20032
421
4193
1558
7207
17610
8859
23086
6081
16802
9413
16405
5888
21298
14929
19712
5154
20483
16478
17630
11853
15513
8633
20533
10667
22376
2108
12898
3774
20867
3675
19774
10441
7283
4874
7708
1478
23634
14059
1321
20011
17277
19901
23302
5313
21877
4082
23444
19444
8054
15977
9934
19851
13640
9350
6699
17323
1624
6715
5576
8349
21953
559
21708
5993
17751
8301
4866
7188
15706
12737
6662
6847
21125
21725
8180
14416
21332
15785
2996
24219
11936
22883
1742
9633
16692
16943
22466
15611
10345
6733
5364
21896
3614
9296
3441
19933
19116
23145
24569
20991
18430
7466
13486
18413
15338
22466
6304
23671
10105
618
4981
473
19624
11578
21731
19175
21286
8908
8989
18925
19700
3801
4693
12995
9131
13973
4880
22562
15711
7418
1905
16237
24398
521
19454
3753
6156
12035
11011
22165
17114
13086
6168
3016
9562
19516
3004
15794
19612
11243
8586
21734
11838
14505
24043
17453
7289
7451
20312
2392
9836
766
12176
18347
14843
23175
8899
3756
18023
11528
12601
10008
14138
11232
18578
23297
16105
13906
2012
12518
9379
6500
11486
24498
3919
3559
962
21134
11695
527
1331
6993
12981
20977
16632
1738
6204
12731
22472
702
2287
17380
23515
9098
17815
3518
12518
24533
10673
5007
8596
5021
3369
7076
20623
12295
12392
8374
10415
2610
2311
15500
15782
5557
17933
22301
14088
17823
4788
14588
22932
580
1691
7191
22137
18710
11062
5910
21649
13702
19783
5199
5854
20186
16713
9766
20217
23778
23279
3152
20523
8561
19386
23685
13586
3777
20120
9155
22262
11988
4986
6379
23047
21408
12955
6627
14635
86
17736
8593
24717
18393
2604
292
5443
8738
1956
6164
16749
18242
4124
14774
7750
4032
2951
1239
17511
2607
797
1586
2253
22362
1273
868
8666
10045
7270
13439
23051
22569
23328
14319
7067
18281
6715
12634
20833
14842
22962
9795
1369
11044
10278
9299
4479
2612
1760
4542
16302
20108
8189
1393
326
21135
106
4968
11235
7391
23321
21649
3234
18712
4512
22109
14383
17451
19345
17134
7716
12153
23155
20606
12508
3918
16924
21160
5658
6746
24589
7126
2445
12178
6558
12728
10574
20026
8981
12615
20166
10091
22958
13909
451
13982
23547
1762
23890
1506
12308
20031
10412
9143
16732
20904
15393
8456
18288
21145
6702
19310
22351
10806
16853
21191
10970
14780
17079
4114
2328
11470
17284
20386
15948
17466
16923
8950
22846
18492
1304
9166
19085
22432
16215
17822
16737
1102
16354
15430
17876
6405
1363
7136
18462
10106
15048
23799
11475
22469
3041
20793
9699
13192
20033
20188
11937
191
17632
6318
7117
8
17672
14988
23806
9299
20573
13044
15702
1751
6495
23933
12912
1416
5722
10718
20931
22557
19988
11202
10075
4567
15998
3450
24465
1178
32
1090
6985
5322
714
20397
21862
13495
4394
15710
19052
7633
20593
12556
439
13577
12540
8313
18278
2277
18785
3744
9352
8744
3510
5982
474
3871
13582
3899
21740
18538
24160
19188
3168
9176
1413
6766
22721
13906
406
11620
24819
21988
20045
2902
5643
9498
5449
4369
20472
9543
23612
1416
4591
17912
5015
14723
643
1328
3204
13607
19268
24955
17782
24598
4542
6818
17629
16349
21298
15776
22432
15351
16140
12940
10970
14914
20752
7811
16375
5687
4395
9915
4206
19623
9707
24388
16842
2667
16548
9054
2241
7255
4725
3916
6563
8451
1017
11058
3216
3359
13632
12500
13551
3005
18418
3128
5080
2421
22615
3709
20485
1344
4968
1142
14836
17558
20037
2667
6281
20090
3451
22646
9348
9650
607
5674
6775
18645
5878
16537
19452
7280
20170
21366
17747
5702
19715
18876
463
18008
4711
2445
13835
20853
10198
19685
12336
8197
9907
13809
11858
7104
17460
7343
17274
16636
15949
8494
21588
20936
15647
11745
18160
4990
19127
620
14684
10485
8274
9591
22918
14788
1385
21494
3021
3027
12868
3145
10876
11211
11346
22186
6214
19185
5450
8728
19095
7900
16504
22584
19323
19397
1139
19859
7430
19951
18885
12819
9685
14585
12603
7665
15933
6826
19868
12687
8075
22496
21517
6328
12824
23598
7075
14167
3046
627
9295
15
10552
5003
22232
13552
6431
22140
1960
7106
23030
21429
6532
23486
2308
142
20196
20995
17052
4012
18645
924
805
5450
18314
19158
18756
22731
1888
11520
14433
14129
8686
11343
11003
20433
4200
16361
21743
2741
14843
21574
19145
10573
680
14560
14760
12399
16948
13150
7599
11446
9269
7221
11591
2203
2534
7312
238
1231
15413
13551
16335
6956
72
10676
14094
21062
12472
9708
7283
1324
9742
21920
17874
13208
16048
19672
3526
7356
1418
3531
20310
17918
21809
9547
12825
13766
18398
7531
6749
1619
4191
23375
10916
7418
23155
696
12871
14532
6028
17987
309
1404
7865
14271
16645
5086
1770
1913
21480
5403
18814
16522
6710
7138
17200
8637
12104
21145
543
11115
6403
21578
10735
7878
6844
24444
11553
9816
15800
17958
1482
6923
8952
2313
21821
1348
10480
16323
1779
8741
3375
11144
18286
24097
15457
6905
19900
13656
4996
13418
19274
18919
5650
17844
22114
3803
9528
24767
3633
2783
19435
9306
4267
3287
24790
608
1170
10716
11476
2447
23963
9112
9132
11777
5902
15747
5562
16743
10466
17881
3414
22031
9342
12283
5030
17114
22744
1265
22954
7093
17328
9817
16160
20143
13121
14722
14994
13987
20801
20560
1468
16422
18539
3486
16988
13268
10986
10837
8764
3707
9732
7724
16156
10071
5199
12510
7380
8294
20136
14831
10015
11075
23756
19460
5046
15507
21634
9776
11359
11915
16643
10441
4619
13415
4881
21467
4814
16195
19284
15186
12178
15649
8377
13882
8945
16790
14025
10834
8445
11623
3316
12305
5493
19789
18859
4478
24849
9990
4850
13318
9376
22078
14595
16995
2599
14102
4026
7992
11198
4321
13729
802
22330
15072
4867
1438
22362
5592
11242
1047
10355
24260
7887
2919
12848
6802
17948
10001
21237
8908
23257
24920
10454
20291
18666
5129
8092
17439
15607
16271
21507
24593
10299
24844
16926
10859
6996
21279
8900
896
13247
1387
5334
20972
8973
10756
11924
18474
12214
18881
4169
20081
15965
11915
13538
12415
24450
21244
3026
22172
16180
23182
13227
2850
23703
18445
8089
9172
1022
3840
15741
3155
11465
1011
12044
7813
16983
7263
20357
22562
801
16668
22349
11461
18632
5699
13123
5465
20470
5764
12896
22554
4176
1814
2870
7229
13135
17753
713
23747
3365
10635
20020
20244
1515
3873
10832
15740
16656
4295
19056
15603
19647
15965
15325
21910
16927
3808
10661
24473
1228
6472
16784
337
2874
6783
1623
11586
16081
14915
5326
13022
331
11974
20339
7994
17960
12523
21284
11246
12036
12272
2527
21958
22729
10602
19680
19547
21639
4045
19183
8291
6326
24988
3541
7122
22174
4419
8850
12035
3207
1890
17739
6036
12649
11035
24554
14355
855
9461
2309
670
15514
14742
10630
8794
8062
5638
16077
7821
17842
3955
2962
24357
19324
382
5950
23157
9431
10136
3949
4137
15435
19752
16812
12869
11904
15305
22004
22998
23300
11003
19665
19154
1485
3119
18136
11614
10792
1869
11502
10566
416
9241
17134
5276
7455
2859
11529
5176
15202
19184
4478
24989
4980
21511
426
11931
9649
15958
16327
13159
9845
21378
24531
20943
13690
21297
94
14522
21505
11319
6884
3785
19400
9051
6359
5319
22364
20771
998
16980
17511
5136
3420
18262
15809
15819
20784
23900
21125
11775
8150
20688
21000
4718
1601
11829
24703
7370
7684
11481
17429
4914
21494
1867
1708
18607
3272
15101
10605
2670
11019
16856
16011
5429
19468
20913
10749
8834
9539
18231
21536
6768
20677
4555
3792
21102
14780
19968
391
22547
21726
14733
17172
20742
17619
3679
13051
23967
17927
14647
21768
820
6323
17289
2593
86
490
9723
11742
11046
21192
3867
21928
12008
16234
18708
3844
10951
14562
19618
20599
1906
6589
9599
1167
10403
7892
7035
7495
15388
10754
17135
7019
5203
5537
21868
23717
20897
16746
289
193
23367
8011
8941
7846
8226
7093
1468
14231
1023
18602
12800
12137
6292
3362
3672
13070
4626
23612
18479
265
19343
10100
3883
14253
16208
15647
15367
413
6882
18554
12223
8732
15790
21107
11872
3078
6131
17250
4185
23075
6560
23812
21071
9206
22631
439
9964
1089
1520
18804
9826
16967
20083
14678
20458
23591
4146
4837
9582
439
11933
1030
8499
289
18481
17932
24754
23314
16369
20216
14388
3626
767
21152
8153
1813
20137
20539
21573
21243
15284
12326
3772
11712
748
13388
24008
11312
23284
4351
5462
8531
13971
12145
16158
7589
10221
18213
14735
15932
13679
10093
14191
10118
12027
1572
23384
12330
12318
2671
20475
16991
15380
16670
12587
23800
10524
16369
21193
20745
3209
3770
12500
3616
7600
22834
5007
7485
2434
11647
1790
11408
8252
19202
18408
21940
8088
6258
22290
20380
15445
21408
13485
18501
18235
21986
13269
13661
9331
15643
9090
21263
4673
14264
17650
16371
17501
9222
8071
3928
16318
81
24735
13086
19058
8306
19809
19096
218
7234
14546
8577
13036
20408
20627
8775
4857
12869
18186
4089
10896
2587
10856
18732
23154
17547
7270
734
20060
1769
19073
15385
1392
21200
24437
14667
7952
15467
17805
15873
24946
14450
5664
19702
22634
10698
5563
66
16390
12093
12158
3721
15594
15650
13519
11117
2037
4180
10096
24755
14075
15121
15206
16255
6409
15236
9735
22923
7692
1031
7296
23324
7022
17693
6328
17578
15115
18176
931
7674
8758
17253
6372
15983
7174
4550
9173
8477
19523
204
1056
11017
17710
1942
9732
22993
8384
8247
12337
21880
13396
10593
300
6432
16571
9296
22813
19579
5609
6195
3238
5549
8555
7577
24983
2786
17456
22289
24780
15364
19228
23773
21865
17934
6425
6207
20968
6332
16343
6509
12350
19137
12690
1762
11895
18360
1881
22503
1795
22518
12802
9500
7052
13059
17460
19567
21673
14406
1284
6631
15761
5461
19761
6058
12538
23328
16215
435
13771
11433
2821
16224
3508
9452
19569
9502
72
18744
12185
7423
17492
13923
7782
6542
5593
19683
9986
2761
3069
13916
11725
23871
21648
9430
21937
15544
628
8905
918
7137
311
12610
6178
4708
1780
17626
11876
3552
15819
6034
22684
1387
3669
19148
9662
13783
4760
16626
10710
7452
9598
9909
22965
6077
169
18607
21169
23701
5000
21338
17440
1492
19512
6308
12782
13680
16789
19343
24217
5093
18527
2210
18152
15162
2810
3368
23687
8837
7648
15123
11020
1843
12039
15937
23430
15268
12634
698
9008
2288
15086
8982
4369
5653
18867
13347
7432
23616
6323
6691
10631
15492
3465
19331
10180
14361
15035
24073
11896
4756
5934
22822
16759
5724
13531
11138
11161
22114
11745
8639
4819
20918
19206
2323
20736
12891
19572
12401
18559
14481
22230
15055
7478
6953
7126
7545
10353
9249
3765
6598
14264
17481
24164
1075
23579
15881
20859
10648
14788
10579
13149
9124
10233
1345
19143
21393
1751
4701
2466
5043
12157
13739
11350
10997
4692
4504
7475
8585
21494
21162
3203
15618
9828
5481
18960
12110
17298
11840
417
10972
18004
15939
14051
14185
4001
23634
21872
16513
147
1620
9705
22408
17881
6212
6510
23270
12542
10850
791
19260
10431
9669
12104
8393
16506
6741
20502
19229
15629
22519
15989
12002
23793
15149
6656
10534
5667
9878
21653
13837
21763
18608
17871
20978
10069
3495
8732
13270
7893
4324
9063
15409
19748
11679
7854
13015
1837
12992
7266
7850
16664
7395
6663
3929
6278
17675
2112
3913
6916
2359
8154
13602
22814
6768
4196
12542
6088
8956
8823
1366
9131
69
5007
24043
10571
2607
17462
21809
7222
11276
15058
24882
13231
224
6766
14893
21941
5266
23372
5372
4154
22794
20676
24600
19786
9955
23572
20691
1495
2152
10454
19849
4668
13365
9985
14489
2090
10957
20014
11610
23328
8574
19708
16692
5205
2210
4917
20470
18649
7928
1300
15650
24534
12539
3392
15789
6309
10474
12932
22388
18249
24516
6406
13908
24920
14320
16038
7478
22508
13220
8201
18408
13797
4145
22731
2368
11408
2158
1372
8362
7259
16573
17464
6188
13044
3320
13942
4009
17799
5341
2185
20979
6111
12425
12294
17199
20916
7439
412
14452
3199
12498
18180
2105
1919
19019
24590
14162
137
23082
14237
22898
22322
11665
24654
17915
4372
956
23094
14217
13592
6
23495
2688
6164
6537
14149
6634
23152
3503
11132
17796
16952
20661
13693
13069
24810
10150
9741
395
7091
22966
1098
11335
13525
17873
13872
6131
12012
1369
1360
19818
12937
22259
11104
22737
21245
17427
21976
3848
16763
12456
14665
14738
20961
10025
16402
15449
9312
17878
3145
6057
13933
18619
8044
19857
16755
10794
19033
21634
1666
11530
2613
2096
13970
732
16113
9639
5770
14755
7862
18127
15150
7671
6819
23767
10283
14766
282
9908
24013
17327
12985
12334
11821
908
10000
23201
21912
15645
6444
11862
15918
19911
24781
11854
19747
23150
5861
4159
5592
24162
6562
13614
17635
17068
24499
14726
16902
6290
9954
11792
3734
284
7863
1782
13134
13812
19365
18657
6133
6288
2557
2267
719
20780
6328
18287
9480
14749
22317
12015
17778
702
24627
3675
10183
14881
4138
3824
8916
23304
16875
13056
3500
5059
22329
3122
14004
18772
23998
22722
16650
561
2442
6802
20108
3685
10159
24259
9176
6325
18567
7366
2197
16499
20225
18108
14
22903
23417
1311
1809
7376
24218
4173
3235
10117
17940
1586
23621
8682
22651
640
16645
21564
20553
5167
13492
583
21978
21875
18662
7915
3257
407
3605
4954
6229
22165
20512
19150
9284
11144
23936
6020
7467
7268
1278
11687
22014
3941
13682
14657
13913
21350
17063
16511
13691
19296
13548
9052
8649
18878
4205
8452
17800
7092
13532
6286
18710
18432
20605
20474
2392
1557
17770
15228
7014
19864
11688
20970
12872
571
16465
12241
4449
14692
280
16417
16502
11529
12367
19663
11164
24217
18584
6302
4070
21554
15169
20513
9189
21529
1576
722
7183
20360
23710
16541
8837
23720
7047
20886
5956
1116
14949
12540
20855
7654
16319
24349
19055
21413
6052
3953
18538
10934
22776
22861
22502
18817
7696
15436
4943
12420
22591
18353
22775
5284
10238
16885
14580
95
2014
24170
23591
2786
19928
18470
21404
21792
9068
24184
806
8795
5592
15217
735
18977
2610
17375
13530
2380
16437
23138
21388
24494
18996
6428
2364
12713
47
14132
22436
2820
20048
21072
17671
18708
23858
5253
7703
5135
14611
8670
5944
23137
24939
5694
6955
24462
15782
10756
10258
7076
3926
23997
4796
9409
11234
18867
14961
1917
20556
4523
23393
11288
2242
19684
9184
12498
19870
4831
19813
16895
10689
5199
14381
8150
9964
13672
17282
19729
19893
448
4566
19418
24738
12557
18264
14719
844
7324
10758
22733
4744
6796
6933
18243
9559
5366
13109
17410
14309
22283
24441
20455
3644
15575
8749
100
12203
3828
16426
24967
20575
24549
7015
11178
20669
11379
7
3960
12039
7566
24898
10526
11277
17720
4658
17067
10393
8262
4593
11962
6315
9401
5672
5819
21408
20253
16081
15601
18023
300
23780
21175
3330
12659
20997
5392
19708
7361
1412
13415
2789
20557
23461
246
4474
15302
23843
20922
7816
3750
18265
16112
9611
11498
19227
11847
4335
4721
6951
12012
5354
21604
2885
4562
16885
19775
24831
16290
5525
24117
2739
17473
8679
13081
15942
16402
12463
1834
1098
9956
5858
21279
792
14610
19784
23658
13687
23708
19027
6269
1802
11057
15426
12690
14865
7169
6504
21846
20676
6500
17016
19628
23708
22693
17338
21060
3401
740
10064
13328
16457
1236
7614
18069
16193
17624
14215
20206
13964
24541
22194
20884
15135
19318
14024
5012
317
5517
8102
13782
10065
10219
21657
3476
13996
12817
15950
12712
4596
5150
21762
21914
7520
5422
4340
7691
11808
10054
11205
18123
2837
10720
9605
16296
12019
20696
16515
21588
23097
10806
22185
22154
16685
11518
22743
21266
16374
9811
15090
3482
8884
6440
280
11660
1581
13303
19197
18123
1018
21609
5953
6126
6787
1436
22071
3284
2366
19775
4255
20121
11703
256
2548
9742
15113
21226
18861
5905
3889
4147
9549
915
6243
5072
2928
13133
616
10747
2039
15383
1640
6238
22501
1236
10675
10797
23527
5264
22391
18213
7726
16732
12096
20644
5339
16164
24777
12781
5031
19200
22692
12768
5222
11809
22020
24843
13582
19588
13020
14413
15557
7758
1770
15479
3899
10911
18059
834
3163
13596
14706
5128
8697
3067
7891
4667
13836
17359
14037
13363
858
8989
16875
19575
7742
15407
18475
5345
3304
15729
5691
15144
14832
7496
17670
8486
24977
18885
20733
12170
13068
7882
21668
23092
6440
2383
17085
13041
13583
10806
1711
6814
2512
20788
22544
22550
20459
9299
24450
6510
12143
18960
7090
5601
8118
21197
23791
1550
9836
22711
409
696
12028
6268
8637
12017
19057
14652
11857
24933
24092
3515
4611
10224
9628
17873
12401
6043
11808
21997
4306
29
17547
24431
12892
3928
4033
23755
21955
13386
3973
22120
2471
21626
18262
22000
968
14089
15834
14601
6088
12954
23838
2287
20205
16940
4142
16216
24173
6754
13446
7510
7728
10226
19867
20825
6172
13975
24802
24350
6045
1330
23961
12461
905
18339
11978
21225
5242
9404
9591
9620
22596
24060
12224
21200
5663
3944
16745
12595
5465
18961
7475
20841
21973
6218
22949
4362
11667
17719
14052
24116
22155
23063
22437
18024
8510
24376
15095
2366
16779
14022
24524
23548
6471
10240
16441
11705
11277
11933
3644
19026
4871
23615
19482
4802
18402
22328
9050
15332
19903
19679
18085
3828
1861
4303
18364
5780
7299
12174
1120
16282
15948
19899
3755
6839
4531
17160
4851
12040
14833
18696
19694
9476
1837
19083
6156
14456
13300
19624
9312
23062
23740
11406
4041
8940
2286
2910
8156
19274
23241
1663
693
17894
5455
3363
3314
19641
3651
1817
22479
6523
3299
15014
2782
10602
20768
15830
72
15376
6325
15552
9797
18529
6825
5728
10965
14791
10337
8407
15150
22475
5062
19065
8709
23586
2758
20366
24599
119
14911
22953
15896
1158
12642
5339
17766
4403
9490
15399
21061
18947
5379
2206
15211
3487
11206
23135
3657
7087
10142
24572
17407
17326
5004
18982
9807
13095
6110
18661
22251
13766
24263
3313
12003
1479
16686
23162
2902
8386
14878
8936
11982
7566
8608
4574
16565
11445
1019
9086
22822
18648
12346
22106
415
3717
21609
11651
4758
3908
4044
4592
4552
24201
2263
16305
8615
12042
21095
15722
6645
6729
22653
4503
20977
14643
12807
16283
10930
8250
15906
24712
22147
11225
12176
2217
2943
10406
7488
5090
7227
16849
23682
22390
19643
5970
19126
2272
8060
21984
1319
22216
18926
8834
3559
1462
10039
4370
18400
23665
23200
11595
9648
12792
14506
3640
16438
12343
23660
12680
16856
2602
12887
15385
2319
20544
8307
16304
16976
412
16495
20134
8335
16068
2533
21260
22573
22215
21555
4691
6047
13860
22704
2575
20764
10952
15975
10688
24697
24292
17952
17413
17400
5343
22850
23766
19298
17363
21795
3510
20150
3622
12863
22888
15131
16714
22137
19060
4208
8116
19292
14713
14764
19873
6175
14306
703
12493
13760
21523
7535
17509
5842
6006
3610
18846
2834
14082
23261
3026
20506
15259
2533
1390
23020
20226
9612
19682
4027
17822
23923
1721
18022
3562
2101
2981
10285
8402
5764
23917
8271
8932
2208
17544
21883
17629
22322
6066
12079
19887
21176
13635
10874
3694
18615
7321
19894
15973
5982
14981
12777
12738
13134
22175
17915
22279
5661
22366
12804
21042
17804
17979
15428
17431
6490
17961
10367
11101
2237
5062
16393
15815
3448
3637
6347
22259
12454
23766
8091
16395
13129
34
15165
23478
55
558
19038
13313
21175
17542
3534
4865
22652
6939
6625
5365
13871
4532
19580
7518
13494
1094
22257
18033
2410
17857
11512
17106
1651
1005
19065
5956
21549
15779
24957
17670
546
19000
18957
13791
18602
23342
16146
18874
19504
8610
14762
21435
10115
9107
4113
20082
10993
7230
1784
9385
1413
8713
614
23946
24269
9253
19042
18889
21213
7285
6914
8592
3725
24660
23319
9178
24440
16973
8864
8727
9128
3229
1738
20372
16030
24520
12763
1926
15869
17162
16308
8642
8029
2108
21692
5842
16575
13267
4242
10021
9738
6424
15913
6118
24830
24328
22671
23314
8172
21152
1283
3342
7910
4877
18744
18643
13168
18361
14144
8619
2213
6998
24705
13192
11620
2285
7799
16281
12389
8358
6675
3629
3372
8896
13886
17128
18416
10033
4478
18266
4304
2975
900
22570
14088
2812
18632
6807
12940
9424
11874
23971
24264
3026
10523
2272
11629
5560
20772
12111
2156
5055
19214
19680
10772
631
15970
3355
13627
12642
22522
773
11262
3576
11107
11764
13235
19576
18803
6761
9726
9449
7514
19726
10928
16493
11591
3645
1494
6997
17304
20239
4345
16894
4633
21807
7479
6227
20503
19376
10120
1665
4984
10401
21443
15532
13070
16065
788
12186
3873
2981
22879
1005
2301
14812
11062
10577
16344
13075
8019
20334
5796
7113
4342
17610
21804
10776
17516
118
15691
2196
10961
18638
5632
18799
13668
12456
19408
10157
20491
14400
12983
22013
11399
9985
12232
21341
717
6842
9320
5094
1189
8392
21116
12905
7736
12238
1919
21867
22522
22946
20206
17113
12386
18263
9351
3618
20267
14534
19532
7111
5599
8600
4682
23106
3320
8632
14874
7059
8210
16266
22617
15965
5332
24022
2836
15791
7410
4066
20169
8256
4895
22938
5980
19709
10558
6205
1924
20605
24684
11005
18977
16337
12595
6399
7706
4371
22475
12660
20542
22615
17910
21781
268
2765
19924
21368
5596
11053
2076
20254
2438
8721
19519
10882
3200
5282
15423
6193
17994
10084
15170
2229
1821
5021
4739
8036
14711
5015
11395
19734
13652
16563
7224
2332
2712
21892
21357
22046
5643
10666
15509
23349
12415
18779
5135
488
9533
17013
15650
3858
14797
568
12670
6319
16440
4483
23130
20380
11508
12567
14888
16805
8516
301
9700
3778
23052
3140
22839
19203
22397
23211
16473
7851
14176
2878
7055
3741
17455
84
18334
22924
2814
20112
16575
4180
10387
19864
800
11078
611
16251
3114
5298
607
21233
20397
12968
9708
24082
489
23427
21099
12200
16019
18854
21438
21740
2183
5855
3791
23780
19006
18888
8849
10208
23530
4176
17523
18756
24916
4109
21026
5665
12480
11512
9695
21168
16555
11211
24293
6838
3166
13708
16447
13577
4747
13822
24512
10260
12823
10254
20485
12706
15769
18199
6065
2223
13039
18173
9575
2238
7775
23837
21848
23309
7335
6572
2731
23745
17496
7397
23016
20398
22264
3622
8362
17177
18599
3797
6416
16548
10378
22777
602
7151
1690
22861
5879
16264
24124
16979
5674
3006
16808
6780
12258
6450
410
12548
8700
16748
1654
3965
24254
16326
15685
6444
9264
22042
11093
6501
7116
4328
23019
9308
13640
248
23825
12035
24132
10205
4842
20813
7439
11447
10516
18219
14877
11502
9842
18231
24889
6806
23690
22221
4024
13396
19071
3149
22493
8286
11086
9362
24189
18396
14933
19050
5977
12867
4352
16305
16092
21442
20327
4721
8199
7656
16417
10839
2426
20284
10195
12785
12470
18049
17751
22395
17551
13671
2601
17966
20535
3679
21784
9343
12393
22836
13836
17881
6933
961
6212
1590
24698
23176
14478
681
10282
11364
19822
9362
4809
14673
7520
341
20999
24073
10189
21661
180
18844
4751
1107
3201
19442
16189
395
1735
8222
20417
14691
20148
3952
13296
14229
16902
443
5071
5879
19647
9263
1748
19784
15702
1946
11368
8431
4884
10414
7561
10643
514
1447
13786
8918
4354
15258
15804
11054
4329
21658
22490
16843
14991
5838
4388
21989
7467
7522
10377
19779
20057
13634
6986
13043
13448
267
23396
14855
24092
24575
22360
18518
929
10565
12051
11112
11459
8003
8470
19887
9148
20060
12977
20518
13760
17250
16588
9686
4184
21387
22206
20724
11373
19335
24179
22686
24682
14725
2400
9836
8196
24619
18834
18830
8414
5709
22664
24571
11077
10633
6889
20813
22634
19448
9307
23010
12605
4029
9765
14715
16893
22533
19397
15269
9006
14499
11667
10075
19466
22519
9669
21900
768
9682
13989
20030
15201
11003
6034
17611
20762
24355
4236
14602
22558
13281
20544
18094
7159
11425
15832
21126
11687
11318
7731
9613
11446
21376
4569
20062
14810
23022
9502
21725
15373
5138
21121
19745
6875
2034
12718
19949
22928
23102
16482
10817
7645
4782
10056
18346
23293
6508
15715
23836
15958
14306
1068
3173
10672
5539
9933
15498
15694
17906
21644
8964
5194
17642
16064
4497
17363
5284
17452
11296
6239
13940
3737
2908
610
22974
13790
317
100
17516
3427
2433
18923
15045
20164
24919
23009
18025
24737
9509
2611
16099
17662
587
5262
5428
6276
11620
6791
8427
8980
21015
9780
24583
5241
963
14259
7110
23882
24569
11101
14496
20214
14567
12365
13324
1694
4720
10585
4146
7501
24075
21244
19557
9811
12931
1742
18258
2710
3447
24998
20498
24098
18297
22801
18023
24969
11821
3243
9942
15254
5839
1817
14854
14632
7287
8244
15053
3678
14667
248
12573
23772
16638
17206
2709
6131
451
14181
23257
3992
18729
14289
8084
4359
150
24601
6454
22540
1633
18070
3673
21774
22018
18468
4573
22043
2755
12429
18288
19144
4542
12245
22923
18022
10170
5749
1263
17553
20873
24484
20474
23783
22315
15792
16915
18559
21963
6514
4544
13423
5058
16245
17506
5708
10303
999
9334
11017
24877
18215
19970
18812
1113
22779
14004
13347
1576
19512
18997
11407
8565
3923
7210
3303
10292
14543
24926
513
17389
810
17840
24246
9106
12810
20466
11001
7322
1186
5153
8438
23558
947
10650
173
10745
17749
18969
13102
6757
21638
3452
3645
12969
5215
9581
21613
22191
7911
11608
2196
12083
2728
22804
18592
16084
8993
6488
13631
3664
4411
4932
18089
16465
7406
13418
14065
13142
12072
24548
24590
18021
17308
8885
4597
16795
13751
21447
23102
12377
440
2983
6091
9526
288
7275
4827
6666
4609
14418
10000
14678
20284
20060
4729
1146
1239
9853
3335
3660
8924
11086
1910
19038
7109
6288
20122
23859
1862
6688
3761
14260
24637
14335
9859
24664
5772
7239
11533
3616
14386
4964
8652
4130
4410
23753
22516
20226
12581
4421
1511
1267
15625
24102
23777
15004
20232
11195
22265
19477
16708
12763
3875
5629
15141
3765
13223
7689
19864
3798
23117
12184
17309
7728
16639
24484
13076
10729
16472
11036
16064
22216
3664
7811
20939
23602
18677
22026
6569
1886
7867
9361
22902
14824
5932
19928
626
653
10758
23526
15404
16452
4491
13382
18376
3437
2837
19790
22025
23564
8472
15668
3525
16011
11444
5896
21591
6261
13942
21524
22719
23277
3883
6062
7774
8437
8852
3757
18066
760
14493
15793
24638
19907
16350
13097
20142
23986
3784
19759
16270
21430
14361
4599
14501
10444
19511
22534
12812
15420
7949
19900
14538
13666
14883
525
7950
986
22955
14500
19025
22987
1349
10163
19971
22427
8343
21399
20103
8827
21787
15282
18066
5794
9865
10582
5934
24403
11601
1357
7818
9205
2924
14225
7402
3413
12771
10175
22368
13523
1667
17546
8967
17280
5450
16879
17717
427
7506
18755
21604
6637
19926
12421
6847
5857
2816
16238
4414
18020
12494
12071
5861
5338
6147
8302
4362
5120
20201
5579
4567
10809
2698
6805
14113
14974
7068
4053
7152
6667
22563
4051
3069
15070
24371
20411
10471
7156
23766
21821
8059
14191
6395
10096
22690
15868
17163
21151
17752
19849
1428
22394
3513
12512
22348
17150
24391
17807
1177
23502
16261
5665
16768
14007
13150
21627
24096
2958
6038
23562
3876
3635
1805
21052
19618
24210
5302
19917
13964
9194
22415
18484
24134
12255
12628
6952
10565
24438
1198
17850
9921
15480
19429
5035
7997
9361
7285
10693
18147
10309
20262
9426
687
15643
15767
19601
15767
6088
4362
7412
23340
13266
11905
24822
11233
17855
15384
5812
16345
12908
22964
24979
11844
11076
8552
12607
5184
15553
5646
10766
161
23239
18141
19550
17814
4450
20190
17284
5527
7019
18084
7685
10205
19675
19119
13140
19295
18442
8468
20109
24428
19222
6755
3046
6222
22533
20483
19807
2959
16704
20166
1677
3193
17411
9861
15179
5480
7071
812
3558
13078
5114
2106
3976
9611
13448
6049
1955
8466
15596
15512
12518
5416
24667
11523
11195
4758
1212
5319
24146
12033
6102
14038
6766
13438
4919
4067
11379
7548
10844
341
11132
23152
21033
18197
22324
13693
4350
14124
6352
18048
1322
22226
7894
833
7578
13758
12141
24284
6868
17119
10838
15518
22387
12051
4584
1100
18907
14997
5161
13218
1778
3226
2831
1136
4400
7801
24921
23495
19141
18165
12433
9403
16743
6263
11874
13484
14211
17621
1772
10481
24897
22740
15694
4270
4148
10419
13843
7662
2391
11191
11216
10820
2356
14590
24481
9526
16574
1412
23302
8853
6262
7621
3325
2883
4566
23513
12513
715
21980
4290
21519
514
13493
17386
1904
18693
3813
3714
457
2599
13845
17218
6640
18481
8232
17951
24626
18043
23260
6141
7875
13330
2514
22290
12685
24123
16168
20370
455
11686
7944
20562
11935
15836
10061
13149
4897
18153
19746
4555
5342
8266
7783
5036
8798
7972
10804
14722
10893
12021
16458
2204
21252
9107
804
8260
12701
7676
20894
4408
20649
24275
13235
13583
1484
11848
13690
2128
21768
20113
16980
11805
5622
2255
9858
23858
20018
9214
17279
14474
4335
8195
11398
13065
6256
7770
7151
21008
2441
11270
1698
14607
20734
16195
5716
1142
14099
11433
12428
5655
19108
279
20340
9110
6736
16549
20713
24214
15205
1208
6897
23175
20309
14125
21849
387
12130
5505
2916
6999
2502
15421
20567
13983
18164
16399
10725
19796
16662
22804
9847
4576
754
5632
6603
8953
16434
4667
4835
16509
20872
4755
19667
21463
945
14993
7368
1387
22238
5914
6238
7747
4489
23441
15914
4444
10301
11514
8033
11516
14660
7320
13171
22901
15763
12071
4365
212
19246
24394
3979
19881
16590
12046
4717
24888
19093
5685
13293
17009
15545
17090
13054
22871
11667
3741
6497
17030
3732
18293
15512
8138
8594
9731
13554
5535
283
2009
705
15656
4984
6223
24485
21257
16210
1046
17422
17132
20832
23889
12298
9679
17156
15958
24590
3880
13648
7209
4137
6429
5401
17258
2066
16801
8904
7435
6558
18419
13122
14563
12599
22512
9519
13827
20774
20262
22980
7155
7050
6412
17839
3170
20610
7475
4554
7089
9278
16407
3201
11700
498
20777
6006
23802
12538
15214
15453
22716
13956
24229
9186
10828
14107
19129
2384
12197
13386
19780
3660
1827
3735
17969
24665
15429
13132
13481
21996
13466
21389
18689
18058
6040
4845
18276
20161
1566
155
17352
15011
13874
16655
433
7581
14543
21410
6158
21553
23964
22153
21421
5376
21355
24458
2502
19794
19282
2999
10686
2667
6410
6723
7757
361
21175
16577
21110
22743
1938
6659
8274
3687
6751
18480
13142
6193
12803
1216
22320
19353
10328
7652
21900
4547
16678
9001
4892
9077
21332
11395
15101
21256
12179
2611
21505
4092
23119
3053
3551
12450
21966
21777
7971
15551
12213
19205
11342
22897
24427
12638
6847
16333
472
20503
20961
5056
8794
10138
18742
22560
15081
16261
15867
23774
20681
13981
1899
15150
10451
18148
14273
9164
18906
2113
7292
13990
1676
22532
2273
17687
22173
18075
5867
7445
16871
19597
18733
14737
3831
20290
23324
1417
22576
20433
23726
11060
2215
2731
15242
8480
21045
4194
13361
18392
2295
8328
18854
8656
24220
8499
3977
686
5421
10299
22827
3108
21051
3228
5974
3221
17398
23338
20122
3915
10654
5150
5622
23567
2158
5994
10897
19373
24423
14193
7768
24859
3441
23158
14311
10526
1670
9808
18641
21354
14162
22961
21521
7066
13888
21591
2843
3917
18031
11817
1629
8568
1329
9935
13934
21596
815
18050
14702
20259
18739
2994
8764
17004
10657
11326
20982
15128
17343
8508
22780
22106
15472
12604
23663
14550
5969
9366
12340
10485
6001
14937
11587
1410
23476
7639
1264
19258
20038
21398
24330
13385
10785
11423
10696
2261
24245
17750
22235
19067
3076
18772
16319
2442
10072
10171
23642
12108
11472
11757
18597
13406
5773
13286
10879
12449
16307
5767
14696
1044
4492
13696
18404
6725
20398
15867
15245
14718
2079
8101
1226
19973
373
24577
2893
24408
8094
20379
19147
13629
22758
22816
9610
19736
1841
20048
6013
5107
9008
22907
8746
21071
2060
20305
16096
11739
4392
14279
1353
7766
17184
11610
9798
24079
5612
11786
7379
6781
17122
20342
599
20089
22806
9208
4387
23173
22762
21069
20098
15081
1590
22959
19306
19386
5429
23073
17706
6366
14322
11787
15118
20047
15168
10085
1113
18877
9607
16496
18216
3538
17505
3791
10763
11426
24763
664
23480
13352
18625
19632
19788
6730
14455
1219
3947
6514
5777
111
7037
640
23474
11601
13664
22421
22061
13358
7622
7079
7038
2555
8332
5869
21975
13926
24289
9697
13940
16945
14824
13602
13675
15370
19268
12805
24196
19402
15694
1609
21926
13793
20472
9753
14602
667
12523
8242
14234
19607
21171
22545
10223
23404
3101
4619
7392
14811
851
4054
16780
5596
24051
17748
21696
6737
21103
7317
2654
23562
14289
6455
22741
760
6631
22402
10471
6563
16392
2768
4079
4619
11427
22135
14433
3747
8367
11198
5466
1050
22687
20821
21567
12175
23150
10041
12256
21702
18207
18133
90
8448
20774
15758
10162
19810
2472
9725
21628
2936
23074
20148
2016
22537
22306
7356
22263
1382
21231
5536
20893
2105
2274
18672
18634
18423
21842
21882
20993
24302
4231
19597
3535
6106
5550
14377
167
13470
9636
6993
24080
5415
21807
22267
6611
20072
23460
11116
22544
17006
23744
21812
12056
8985
24667
24524
1843
8027
19714
15059
13210
15064
11639
6011
14727
20103
19395
15236
4241
1848
17897
7537
1885
10926
3925
14928
12431
6416
1840
24984
8523
2175
16447
12238
6565
18633
22252
9506
12949
3135
15063
4874
8929
5439
14804
13385
13997
2319
4038
1868
6734
3960
15676
380
10277
24431
8855
6914
14722
19797
15582
9313
13318
6404
13793
4104
13667
24940
11411
2539
12921
18789
5342
8321
14549
10207
21664
15517
6939
5579
4367
21224
18685
3066
984
24046
14736
8635
1076
22124
11987
21855
18887
16912
13042
14338
12226
9683
19698
19604
24844
14989
20653
22236
16131
142
919
11546
24845
18325
17009
16089
17015
3558
7588
412
17538
576
3026
21767
19043
15921
2481
18464
18320
12784
8147
10079
4365
24896
20488
19521
6632
22023
3951
15347
12758
20947
7137
14159
1085
9431
16695
1461
2071
20711
9381
4325
22051
7537
10230
23802
21804
15762
5031
21723
7707
903
2684
24564
19380
3674
22082
7660
4557
4595
10554
12084
21296
24269
16460
8000
10090
22480
21214
344
20925
20029
9216
16351
641
11878
5999
20860
6192
22719
22006
19745
8111
17776
1698
1675
11265
7589
20179
7660
8785
23312
6568
13608
13620
13178
9372
5571
16731
24816
24779
21394
21805
3402
4371
1816
692
19390
7783
16172
16323
12796
17126
4499
7233
20413
7518
16158
17651
21114
2258
8150
21595
19851
16825
10474
16446
8120
14643
10218
18341
18270
19237
14004
12254
19160
17820
2571
3717
7467
9780
11194
21226
5905
6828
6241
4377
15353
16447
6002
8312
18768
3198
7706
20192
2302
24433
5862
782
8407
11529
15344
1153
6065
16794
20970
8305
17200
12362
7662
13453
7378
6462
1920
8062
12178
11151
21438
19692
20951
19744
24948
9774
14323
23086
23544
8601
6164
14817
11037
16125
930
1517
5475
24515
12999
3304
13354
24674
17057
9738
19234
20677
869
12666
6647
19819
21772
5364
14462
18710
13873
11582
7266
9341
16233
5299
4499
1130
4683
6254
16260
9546
19514
2
24944
7526
10565
11884
1598
10212
10476
20570
13130
4207
16015
7487
2131
17403
24862
24412
4731
9025
24251
15730
16164
16413
6247
24953
8949
23795
2264
12954
134
9469
14565
15653
8629
14444
14164
15839
15838
19910
5160
3476
18519
17927
2004
19727
17476
14084
19470
5334
13845
5004
13118
6922
5099
12871
6607
10939
6317
6303
19675
13491
17721
1767
2290
6590
24655
1719
15447
13899
21058
10040
22675
1880
784
45
20946
23347
19370
15966
20633
597
19834
10651
17840
24607
13245
5279
14318
498
11761
9579
13858
12430
13287
23818
19422
2851
11293
13982
4382
7609
20215
16613
6719
11930
20854
3273
24876
19967
9224
22660
8069
15191
13640
24764
20210
24873
24332
23822
10445
1909
17427
11263
12852
499
6183
9386
6824
17111
24652
6947
22957
6728
2516
20962
11364
19882
20198
7539
23100
16288
18023
14633
4856
22057
3094
20868
18655
6571
12215
16488
2428
16384
17557
20936
16397
2262
4745
8159
15558
3350
20856
5023
19106
8746
10728
20032
15110
2126
21610
21499
12412
4137
16843
6900
23003
13201
1189
19900
19831
20422
12297
2388
19933
1208
9667
5275
22193
10206
11255
5564
1934
13651
8841
23849
6024
3413
19442
13956
19234
12399
15467
17028
16763
20396
8318
15065
14996
6680
17231
278
15252
13381
13694
2452
23067
23369
18089
13925
24074
13434
14199
16261
12138
10780
15759
22556
7312
789
1457
14307
991
18154
2422
15936
24488
6706
13643
22699
15823
10914
16587
2350
11516
24619
1905
4843
7792
8026
1983
15660
15717
1137
20919
14650
15352
20072
8330
15992
14041
12771
17543
2073
13676
433
10832
20524
12415
12850
24475
9858
13136
20437
15182
3915
1441
21034
7653
1961
16402
14685
16135
17042
19231
19856
22128
19983
16652
13910
16356
14854
23795
22377
10089
16723
21648
1310
1497
24333
18606
11176
23657
12445
2336
15941
24563
7130
13307
2029
15883
20878
13994
19689
16468
14862
18683
10118
5004
5382
10975
366
21311
6198
17569
8661
998
16982
5159
1039
10031
1456
3122
13851
4441
15758
17071
3206
949
19826
22950
11349
21826
4062
22383
4158
8092
19971
1639
9627
3757
13868
22319
20350
6577
1823
14201
9241
7655
22635
23537
14262
4674
12185
13950
8110
18768
1774
7750
3186
18749
11814
13790
1585
7495
6291
5948
3769
5199
23847
7650
9468
23962
14781
14720
2908
11109
9619
16246
24612
348
13623
24606
28
3755
18035
9836
5614
4861
9074
6413
22532
8517
24395
9401
4435
3190
7094
24128
4902
23156
8762
22649
12790
1225
18240
4330
2860
5841
402
18900
1916
19540
16210
20889
15862
8216
12402
243
20974
24219
12729
7276
20104
11034
24106
14376
11652
18986
18176
16909
4200
10809
24557
8341
11535
21443
12019
15048
11624
1895
14889
20685
11946
5926
13272
6431
11241
1307
24745
1798
23578
19254
14382
21295
9694
11014
23182
18480
13662
13307
21002
24981
2451
972
1398
19010
10843
13507
17751
1200
6747
16092
23193
6853
14290
23818
15326
15813
20403
18784
11780
1723
19829
21418
15475
14860
24758
19379
1270
21982
13016
21312
24788
22651
8238
16938
14976
8905
8240
8770
7838
22201
22686
22250
8211
4692
8650
16288
11313
3531
8516
16422
18288
19983
2515
19274
1234
15154
16642
11388
9312
6089
460
20849
22925
15954
6254
16550
19766
10117
22571
15656
24323
24988
12068
13514
7250
16947
13637
11499
8916
4563
16072
20390
20264
6725
1739
11349
8190
19411
18333
18128
12409
23239
24828
15881
12275
17877
5997
1661
984
16489
12923
4364
18292
3629
23595
9286
13426
2355
15680
11638
2044
4112
19595
14738
12224
2024
4135
3011
16666
929
19759
20685
2635
578
11610
2184
11735
24005
10264
9063
10457
24149
15198
8718
1310
17094
18578
15135
10530
18234
5660
2347
19241
19518
15692
10062
23203
24208
8129
19916
11592
12552
15346
22691
82
2264
4853
5047
4587
18231
23451
14104
6499
523
19719
656
3221
11483
1174
2123
6593
16133
8330
22797
462
10659
11332
2408
2262
3663
17201
24820
13160
971
6445
10443
4153
2401
11414
11918
24953
15575
24633
6960
4811
12343
3587
15488
18490
16116
11372
4976
20891
22410
14835
22963
10714
20157
1786
3681
17901
12083
13298
15869
23998
2305
24497
3869
9165
7119
24006
219
1621
2211
6218
8641
22870
14352
6397
11213
3313
6632
12483
16610
7339
5810
11726
21504
20216
11271
14016
12293
23924
22612
12282
10379
6541
6221
9270
10794
18753
7721
6323
16273
16157
24433
12206
1983
2195
19566
22835
15837
24559
16494
11535
23385
6112
21300
19168
2083
21860
2141
16937
4822
17449
12257
14249
10891
23065
22190
13615
21379
22048
18538
15125
14683
9550
5035
1642
23553
12681
9597
14859
20664
20022
13225
2740
227
20896
21796
1427
52
2767
23130
9438
6914
7952
3159
9676
22235
5031
9034
8130
4688
115
22552
11892
20089
7581
14103
22612
15788
20860
14859
16940
3911
16561
8962
21332
19414
13512
857
4740
19147
22979
5986
11355
20208
24328
12114
19835
5008
21888
14948
23960
15117
9643
12877
9562
15287
12139
1561
22112
22019
14103
1249
22362
6149
8139
17768
23665
18723
19381
16818
16304
20194
8603
6939
6955
10652
21519
6610
2255
19353
22915
10590
15230
9930
8897
4206
6603
16493
17037
18785
7421
17750
7880
6907
21101
7613
4405
13828
15803
10610
15955
13995
21005
7634
2865
16075
4373
6307
16198
17605
6202
16384
11147
95
7005
943
9339
15998
16530
6152
13135
5827
11386
23230
15140
19482
13545
8835
15288
11638
5463
13940
514
703
20306
1276
9370
23276
9628
4381
21983
13961
8873
12386
14350
3453
7784
19358
13970
4079
3948
8928
4952
4754
1367
4458
23666
2095
14324
8814
1451
17608
23052
9169
5739
13483
23542
23
16428
18816
1224
22887
20822
22176
23006
7601
17563
12791
7278
24393
12976
15967
16642
21312
11180
19900
2108
13733
18675
3330
6925
23708
497
12477
5189
787
22924
22167
19527
20184
22447
23953
17763
11959
14795
5606
7231
23908
10308
18361
15335
13623
11884
13253
15247
9004
11522
19437
14056
12414
2814
6771
16088
14770
22101
13833
18830
6663
14401
11673
13932
2764
16493
14293
23083
16415
14289
16945
21304
10962
18296
11540
19517
15848
16054
5910
24841
3760
8922
5121
10815
12143
5855
19538
7435
21872
23654
20218
2469
18917
9598
22693
24619
7647
3429
9199
18059
11408
20854
7649
13776
5486
18728
12863
4691
5483
11480
18884
14058
19292
10387
4922
19751
23473
21417
6652
19149
14357
20227
15827
527
7703
12078
5066
20410
15311
7
24092
22964
19908
2984
3917
562
20997
22944
1627
2439
15961
12840
1009
14329
5098
6076
17462
20342
13566
8957
2159
8687
5461
13180
23782
22433
12990
24106
24725
24293
6381
7035
14308
15062
2951
117
3676
640
24485
8191
1100
20489
12696
6791
24628
5156
10446
12323
19694
21194
23367
18014
13564
14231
16175
24510
8430
12742
541
9816
11163
15750
15018
6
11481
38
9145
8689
23455
14816
2243
11080
11485
23833
9951
8323
1737
20222
14514
20526
14849
17135
10699
20472
18851
24500
19449
7959
13013
22801
12366
17752
6180
21488
161
24192
19726
6287
5964
6893
7884
9344
15954
934
6178
4209
10788
24461
3688
18438
24054
6127
11374
250
3169
5577
20491
3620
6512
11618
12364
8985
13298
12368
8561
2488
5265
6816
19035
5989
19884
6189
8856
17373
21424
21114
24078
172
4770
6388
11711
5591
6358
14964
4848
21310
7069
23157
19449
23248
17336
1119
14620
10485
22479
24767
22143
5845
9283
11319
18030
21820
15869
23202
3557
16204
17230
20593
14130
2160
18397
12094
8266
10776
14088
23323
1532
24739
11450
17804
6145
12258
213
12507
3054
24794
1498
1680
11805
2712
9657
870
9336
23102
6766
4001
21346
9312
19377
9874
7813
14037
21848
5237
8623
1077
4820
14347
4225
5413
5331
1690
22820
5325
17290
14806
22107
17791
14487
12578
33
16618
9277
12737
6177
14444
13912
4770
18090
4550
10178
1664
3362
107
11442
10699
5936
13959
482
22297
11689
5698
14680
18474
19057
14986
9788
14001
20996
19116
19273
4340
18005
14453
3294
13255
1618
10780
752
1808
11669
3195
16753
18690
22654
18293
22444
14668
604
7365
57
21575
690
18112
11214
6619
9381
19087
8081
3772
10185
12027
16276
5867
10761
22294
13163
21408
24139
10067
5965
9233
9438
19557
17978
3210
22024
11661
21975
1380
14268
13997
10639
7478
10654
17409
349
49
10200
8873
4368
16535
5218
3117
22899
23564
22116
24531
798
7642
19200
3269
17559
16184
23437
15229
4633
3676
15354
13636
20173
21531
15783
1426
23037
18737
15774
7643
1826
10819
3381
3993
18583
12600
4382
15175
17997
15882
6714
15803
8092
12586
142
16180
6753
18972
15608
7118
4045
18079
18752
8041
23243
16836
14970
13367
12719
1372
15796
3205
13618
6740
23767
8922
14929
7849
9745
16414
616
6740
16320
23443
9342
4235
3144
9450
3138
17091
11116
9320
20000
21174
20956
9823
4568
2492
18757
10135
18671
19476
7218
616
6668
15802
5122
12975
1103
14392
3586
24257
23335
11796
22144
19165
18239
4223
6072
22868
9280
2436
4616
23251
21771
6054
12147
17110
18253
10996
545
936
10928
7075
18107
3327
163
20314
10936
2164
19859
2308
4095
17703
7594
10536
4917
23204
21867
8970
2104
22348
23991
7059
8834
24704
13276
12088
21893
22621
12231
6925
263
9509
1334
21202
17294
23511
20240
9048
24372
20189
21898
11209
6829
23204
886
17223
20258
21252
15183
12960
16563
19387
7334
17458
7467
5990
5848
633
5221
1092
14588
20521
21100
13556
1520
14801
7392
9634
4799
23860
1003
5434
18159
19385
17598
4591
23809
13982
10001
21683
15654
8285
933
20974
3614
20826
5991
13000
7495
1633
3089
4098
2010
12711
6282
5033
24667
2180
5350
14121
17739
730
14787
22574
4296
18220
15285
10435
271
8536
14100
8625
20657
8314
6968
14972
14270
5812
12366
21170
23277
7752
2358
17026
12418
11809
16937
12645
4271
14003
8044
3682
18452
750
20491
8716
2231
13654
975
11475
13062
21602
16781
607
8321
18071
9966
14600
19128
14526
11276
1182
22027
170
17909
7033
14625
3535
18756
10542
17564
6995
12048
6351
1917
22740
9269
3478
15422
17301
4366
13780
10225
13699
18686
3150
11203
10524
11839
5622
8478
10191
21225
13831
6231
10525
5918
20324
17743
9145
5968
13463
795
16645
8437
10055
13087
6626
5696
24675
21032
18241
3669
21549
18473
22254
2456
20274
11580
8996
16468
15171
2304
11829
5968
5307
15562
164
24675
18080
18069
18765
5180
22459
22128
12575
14060
18193
10969
5263
6615
19727
11253
22427
14166
21148
15288
12879
19197
9434
21337
23181
7317
18302
3042
10281
1568
10840
24390
3781
15912
24030
14768
17388
1327
14415
19185
10022
6684
15590
1405
14196
13272
5053
6710
11893
8390
13025
5174
7367
10727
13120
4062
3221
9756
7437
22416
16329
14545
558
3208
19589
5601
7565
5191
13394
3830
14605
13435
7466
5459
10294
7376
13940
5991
21518
1952
23628
4953
8109
12817
6295
13655
8189
6825
13326
2187
6352
22050
6678
16474
1490
1131
11088
12742
18659
11020
20624
10647
9622
3969
18908
9841
22335
4099
20259
1791
9824
13229
22894
17143
5465
8317
18168
6479
7993
2455
20479
163
21670
21253
6819
23366
4727
12418
7317
11792
10357
2709
12829
1360
22556
15709
5906
2240
6969
18428
839
8741
5129
18451
12389
15264
18591
24208
11248
13601
13952
10799
9260
5920
9229
5092
5643
17390
22977
8052
24533
22412
20014
11777
23433
8627
11080
23632
11233
20532
15398
3922
9837
18782
11860
5492
596
15547
18285
21740
9845
6359
1672
9507
23293
9070
5733
7068
23535
17279
21335
11458
11627
9339
112
7030
11126
15415
22655
14228
6634
2231
15076
5085
968
1112
21424
23132
14979
7777
10038
20729
24272
3704
16785
6592
10947
19189
6054
22769
2327
3435
7293
373
3297
18457
531
18389
12493
14338
17644
12934
5432
12383
17136
5828
10126
14751
24796
4906
5477
8555
22957
24675
20736
9742
6998
4563
528
3850
15967
1703
21968
3802
13768
23692
22435
4606
2409
4914
14264
478
13350
10746
8568
9527
10212
4090
22258
11827
22034
23623
9985
14095
22775
10047
10462
13428
15147
7953
5270
10960
11611
19735
23442
24359
22749
18268
18269
16477
21912
868
2915
21174
12324
886
5703
7549
19179
4921
15967
23986
1242
14483
16736
20006
5029
23885
7814
22802
1817
23993
5045
21727
3698
7905
18051
19503
23056
20292
6837
7618
20115
7595
1072
19675
19506
6748
2957
13691
13546
20106
10636
6953
1907
7321
10734
8846
2517
6402
10393
2549
18787
15283
4239
23512
7473
15708
699
14204
12443
21803
11184
15519
1343
5243
7221
18490
8762
8215
15758
13459
6072
20639
12142
7314
2777
22823
11659
107
10436
8344
18252
14425
19056
19664
20095
13833
12747
3749
15200
15743
4685
11966
13960
14564
21380
9349
6571
17882
19968
4550
21794
1975
7886
2537
15451
16413
9527
9068
6603
21961
22228
1890
15731
5645
1060
10516
117
8208
19231
8105
18925
22753
3941
8257
16370
21209
8108
7487
13444
24434
23656
17032
24543
17696
22031
23425
12745
23248
1292
6107
10335
18152
5609
23315
23896
1693
8031
12879
4196
9611
19467
8430
1266
10705
20093
451
3714
2811
11963
23126
2273
20313
10857
923
20131
19062
12508
8449
24207
13993
10729
23418
2611
10427
4253
23922
23452
19864
3365
5745
7802
16352
15652
11902
21680
23266
13021
13256
21644
13234
21884
6059
4942
24661
11126
10064
23417
23557
17093
2715
13881
6267
9615
10399
455
15188
19412
1385
2330
15659
23895
11920
12411
24816
22764
23173
6832
14134
7141
6467
1828
19624
23228
16282
20966
15455
4252
24665
2139
18847
7060
12152
17859
13075
17585
10522
16667
24819
10432
6684
4452
2292
22785
1481
10282
9805
17528
20515
6379
17684
24294
11880
2461
17248
4554
20537
4498
10769
13423
16601
8203
3298
11603
281
13826
1718
17911
12846
6096
7178
17070
19966
4754
23379
20380
3707
2284
1129
12629
8018
18107
9547
21739
3445
5636
13888
12338
6043
7128
11474
16215
9481
2543
11547
17920
9569
18681
2589
6924
11822
11069
3360
2589
16797
5290
1418
16041
4480
19548
8799
15064
2832
9852
16431
2329
21688
4071
668
9025
15815
2036
9684
23124
5194
23176
18380
2019
24817
15370
12022
2440
24739
17888
16665
19809
16166
4642
2177
6928
7539
18233
7311
16805
13414
5281
22270
3821
11077
4778
7434
9968
12682
20219
17571
8179
22220
1640
19326
5146
20743
2112
5573
17021
14647
13964
2634
3607
17065
24702
23550
14947
24812
11247
22775
3056
15432
9903
24305
13327
5030
22141
15548
23898
21021
1421
22261
12942
12554
18389
20053
21948
71
11411
20021
20638
5935
20229
16334
132
10416
11105
8503
2025
24381
16707
16699
13205
18076
2538
16581
18138
13930
14084
22805
4825
10784
17261
12928
14433
3871
6320
2773
3379
664
7447
12397
7813
15312
6327
17740
3511
21796
21429
24178
23688
20956
20195
11888
10650
3803
24684
20963
11030
10655
22827
3549
20647
8097
12547
6564
10814
2971
18390
3159
545
12459
3877
12429
13046
15941
2650
10865
11933
16854
23632
17889
10995
4461
4361
24316
730
9340
12722
22795
6719
14068
3877
6606
4724
7424
3106
2934
19518
12420
7111
16225
11249
23986
24657
21697
15325
18306
11191
22383
13715
19921
23529
13382
22419
13234
3914
6153
19820
11256
4409
1713
5821
111
10140
1571
20231
645
16233
6052
4108
11456
705
24590
6249
3648
17236
3362
20443
22529
24817
7355
15687
22375
4970
13499
22120
20041
5190
9105
4660
15244
24018
12667
20801
3999
16479
20304
3666
14519
12426
12111
18771
10633
5119
23239
22434
8989
21545
4733
10950
18389
11703
15886
18069
7307
14079
5531
1385
9696
13965
14489
23750
10146
14157
4983
1981
1419
13324
579
15206
23854
1218
23451
3231
22484
16420
24646
9517
10017
15114
410
22358
19252
12059
16571
2639
4232
4989
6432
16068
5164
19709
3669
13119
345
22496
1044
8998
19923
13213
9265
12130
3522
1918
5411
13963
1191
9022
3696
11195
21766
9395
5616
8375
17140
12236
5199
16188
6853
13688
3291
14649
9195
5685
18282
5658
21849
6550
452
18780
14748
4061
13952
20262
15116
15696
7127
19845
17905
6580
7133
21521
24609
9254
9668
24758
7100
1826
12019
24339
5299
15425
14164
18115
1531
8117
8600
9422
24244
2272
6715
3686
10483
12708
3202
21699
12764
11232
7449
22188
21243
9108
1273
17928
14332
24578
2720
17850
22112
24174
13182
9182
20204
8537
2917
20275
16163
8300
18271
2675
16347
15585
24096
6514
3309
2888
15021
22190
107
18432
20854
14047
970
10248
8071
5991
15157
16963
1059
19915
18035
8897
14468
2848
11685
15588
22151
6910
13478
4983
3927
7591
18650
20324
14412
1717
1929
3321
10979
19031
24136
18226
9160
20659
6932
10868
6084
23202
8473
14925
387
9531
11877
10607
10152
2744
21128
17414
8271
14860
21151
4847
5308
7226
11607
6000
21619
7978
17698
5484
3585
65
8772
14591
13915
4359
12375
8759
20035
9961
6772
15505
4193
24258
1511
12899
9326
149
5217
4823
3862
24766
14189
12552
2755
10302
1220
5526
15153
1568
4769
14739
9869
21721
2238
13252
22884
3653
10619
9358
6115
2598
6365
17874
9291
23808
20108
9526
11969
10492
3866
4033
1378
4716
2102
21893
23633
24961
23608
740
23145
5627
15886
2424
16875
16398
19347
6906
2468
3894
2602
11560
1507
3658
10032
1973
13297
22218
12386
2054
6614
24652
9886
643
18424
20491
9215
8890
22229
5241
18746
13751
12616
1001
3689
4935
7971
17932
3026
20719
5980
12087
9860
9087
11138
24233
14310
21350
12531
13532
15668
6728
9561
23074
15223
8749
10199
19998
3093
11880
3606
18690
5782
572
2939
21475
12307
9958
22323
8908
13779
23675
1768
24000
18237
18480
1073
14093
6281
10809
9789
17630
21165
7512
22350
11438
14603
6865
7283
14370
13014
5669
15404
2057
952
20728
4487
19379
4507
14305
5601
8812
16334
6522
2645
8786
24573
1228
3197
24530
5601
2853
3118
23387
8623
4047
13391
5742
11499
6231
10828
3947
13374
17829
8449
18966
18564
2284
17350
22737
12248
10805
2420
15637
14935
6517
8720
24481
782
21861
16869
16364
13290
639
10162
16439
17439
13051
2618
13131
3927
397
4733
24354
11719
4782
3104
20492
623
12692
1778
97
22262
5404
13475
8558
20858
23603
1485
2776
17353
709
4477
15536
11919
2353
23730
13812
19810
21030
7323
18543
5340
3892
12674
4609
14857
6590
6820
8900
14885
5456
3552
22515
5798
14039
16789
7906
17342
17250
21668
14563
20883
1443
20655
14503
12816
19529
16408
9359
13566
5934
10152
21957
23754
1838
18371
24592
17271
13443
13636
15710
7924
12424
1259
23693
12873
7990
20958
1914
16414
22537
24545
24996
2735
12986
17154
8584
16290
1455
19316
3326
14128
5064
8529
10657
6032
15401
4046
12874
13615
17705
19843
654
15993
10259
24401
6924
6260
7520
20077
9956
487
12407
1519
1115
8412
21324
10237
6795
7808
24070
7360
13140
7849
95
2814
13015
17796
18094
7562
8151
22394
19510
622
3946
447
18879
12646
16708
11590
19806
3128
23074
10943
22352
12383
3948
11934
14877
17523
2327
18771
24124
13105
20071
5432
761
2064
5106
6160
11308
22579
4545
3962
18331
6058
12520
10560
6365
21429
6098
4937
17512
5303
11177
5788
3179
20175
16951
15873
10380
5434
20646
1453
7690
4490
20133
21665
1703
15365
19706
19949
23639
3742
1491
22539
18779
24232
22491
2637
2259
1447
9886
14753
20497
20228
16658
15079
197
22011
16801
14944
14005
3549
9456
14256
17866
4586
6475
349
4045
22879
22210
15623
23029
21393
4937
13574
3329
24463
23142
6559
3133
9060
8643
21012
525
7392
8708
20509
17495
24000
14562
14904
12421
1117
21137
21353
14543
4914
22686
14072
12276
15514
23400
16366
22040
20770
4658
6093
7502
12439
16126
18178
1622
1988
18059
2143
16606
20030
17559
1080
11118
1696
18770
11575
23004
10585
6899
17579
14154
5575
17745
3110
7464
3135
5325
16852
2914
15860
7069
10501
14751
22094
12880
5434
7029
3001
6198
510
19021
21320
4485
24402
16164
24360
23894
5371
469
13285
22269
16084
23888
17525
21200
15480
21040
18117
1460
24517
12870
10061
9267
6125
9
1809
21705
5329
3532
18054
17173
18206
3978
21110
9408
8988
18004
8895
24907
1863
3677
17127
10382
13610
23346
15064
10976
7225
21872
11579
14869
8351
9306
17258
10706
5203
10670
14118
3175
8497
948
16180
8201
20621
18058
18100
2331
24381
12995
6777
9654
24396
18635
17790
22414
18689
10944
7392
14627
16848
24744
12074
10376
10534
15339
18085
24416
20060
23763
12361
15305
19781
18412
15562
6325
22668
14929
10978
9569
4141
3633
23265
22849
13286
17611
11462
10285
14709
12289
2148
24232
24301
9821
954
2911
11760
4690
14668
8728
24614
7207
5641
14585
16683
13277
10123
7187
8535
12484
17943
2486
13475
23036
20232
9715
2460
19987
12076
8451
7314
2378
17112
11257
19916
20763
19755
15009
10844
1067
4792
7539
10016
20720
12001
225
3557
10016
22831
13119
21340
17804
9712
22183
1208
8195
2166
6026
7570
13036
2836
14842
11347
16056
18898
10935
5083
7319
19583
10313
9239
11516
19114
18138
993
3637
5466
5751
5180
5141
22694
4120
13156
10098
12486
8019
20134
3608
6117
16074
24009
5138
20780
22507
8901
6729
24002
5553
21159
3223
11834
17312
1040
4991
19988
20439
21813
1463
6219
16408
17638
4629
2416
23172
20743
23376
6001
6085
21901
19456
14212
7899
20668
10113
16797
21060
6703
16970
20204
16468
1369
11678
17163
20595
19140
22822
15990
782
314
91
13895
6916
8192
11520
10023
3333
237
22025
6369
23236
339
6167
3738
12239
21673
18812
12930
9878
18485
18965
19383
18031
22639
6409
23447
2585
16487
4239
13585
9750
4566
20877
1795
24596
5613
12814
23873
11351
14780
13555
9535
23406
7840
23752
5076
19192
21255
10105
9704
5612
12871
21931
14959
11461
23377
5453
20694
9329
9188
9773
23273
23122
5879
314
3614
12028
3051
7261
5860
24685
20122
7641
19409
8538
21443
1934
11473
2895
19233
14370
10996
1761
24797
14328
8404
6917
10087
16076
85
2494
23838
13640
20269
4086
16394
24247
13624
4336
17460
3624
12703
8520
21365
7595
12500
22170
9730
11422
10818
2073
3329
11397
9156
6130
2769
19238
14652
96
20804
15092
13272
23371
2621
5091
8617
24062
3766
20260
19174
11352
24137
5114
19578
327
11351
16422
24590
17073
3923
3635
18871
3310
12819
22003
2412
2880
20306
20121
8428
3866
1452
20100
7196
11937
8639
23349
11303
9662
3329
6968
16054
22910
15013
2960
6780
3860
19986
24770
4276
16824
20506
1217
23825
23786
7292
23699
23468
2297
6715
12533
17131
1963
15726
19743
8918
10879
17234
15947
24921
13236
15753
17377
6669
17837
22460
7242
14661
3769
16462
10233
11850
19406
22876
6247
3083
19178
6363
22172
14354
21183
2497
20285
7587
11509
4488
15887
23100
638
18796
24842
14572
22146
2006
13462
24841
14819
17039
10470
13274
19095
19366
12233
7954
6133
22498
1838
11492
23453
1613
8497
19339
5356
15828
24537
15377
19655
14081
16746
10973
12230
2104
17761
21521
14096
21239
7689
12539
10473
11435
6338
5498
21603
21832
8308
574
24206
4188
22644
16123
16576
848
12860
15263
12320
1571
18490
2044
16368
1176
9520
24715
20195
23641
3886
23165
11953
19248
2172
4140
11898
22428
3044
10574
6699
23238
7616
22077
7873
2691
20217
6714
9259
24259
21507
5809
18524
4440
1801
2469
11638
23278
11244
1121
12147
7971
23538
10
16386
7941
21365
6933
8188
4760
1728
3465
18707
12310
4914
3522
7069
9565
17485
14395
11028
4551
10770
9284
20793
12555
8481
6532
14961
16466
2995
4169
1663
19176
16831
20197
4049
19093
22389
2384
12581
614
8563
12611
21028
24700
10075
14089
6584
18472
20604
18995
24256
18619
2165
23800
3570
15757
5381
12356
21043
5979
6302
715
21628
6287
7424
347
12836
9158
14230
2786
21976
17974
2010
2622
16876
23477
13406
10461
24132
19561
22317
19039
14080
9216
11115
8020
14989
1112
2166
10313
10578
16904
14289
9293
1317
23068
1666
20964
15275
1330
3374
9659
5876
13001
11766
1263
5205
15953
7690
24297
22279
1305
10831
246
16236
6458
10422
17469
5180
23943
12034
474
15539
15801
3075
9531
4017
1488
1990
8203
6655
17591
8363
12823
5956
24455
17956
15758
18572
19191
16788
11204
1711
22333
12879
21163
22966
11622
21530
17944
2872
23989
21956
4526
18896
22375
8233
401
2734
18519
16148
18758
20618
15512
16808
20120
12205
2436
22411
21085
3623
15500
10323
18003
4506
20922
20415
257
20494
16165
5663
4233
6822
676
3416
11595
22627
13552
20669
11830
5883
18293
13222
3867
10855
20296
3285
23614
1899
20787
7587
24418
1646
21562
2246
18828
6960
19532
15209
17036
15379
4851
7409
24998
7004
23039
12653
21979
10635
9155
1708
588
13574
3739
14727
23350
24300
17510
4137
20129
5863
7851
5997
17471
23862
4451
19403
6802
8089
3475
7225
22460
7796
16214
19077
7596
20181
4868
20176
4687
19421
19056
10763
23173
16788
23802
12695
15801
24723
20504
20282
8565
1736
3593
18246
14918
21356
20257
18344
19761
15707
10625
15653
24137
16483
9930
12102
644
8804
17393
15439
14607
517
22780
6624
12580
21868
9272
6218
17546
12210
18029
22312
22310
10810
14849
18441
2154
17420
6513
441
2005
12325
10739
18593
21999
2164
10599
22919
17031
1337
4377
22659
14304
555
2022
5000
2502
1324
18256
1804
246
14065
19540
16497
12741
5031
8535
1022
14331
10909
2653
7763
20005
226
17973
22687
3765
11908
1065
912
16294
9770
2571
1432
14153
19585
4126
9527
6418
22931
15867
15157
16314
16088
11543
4802
16325
6946
23744
159
8889
11156
22196
6361
22838
14482
19192
10245
6462
17549
4624
3787
9052
7756
4780
12645
19189
7433
14033
8248
2005
20155
16700
2891
17963
23643
11866
5056
11260
1596
6691
2972
10162
12380
19726
24764
6527
9712
14053
22455
14296
20169
9060
3844
17802
14018
7262
24339
19850
9620
4069
18971
22443
9345
295
11685
4324
22396
1463
20958
12586
23984
9677
7951
6004
5243
3419
10190
5680
39
944
16039
23866
21873
13104
3756
19397
9492
4611
1295
1506
5803
134
5868
17984
1555
26
11965
16027
8365
17171
16252
14587
5258
21070
21649
4171
19392
18978
21735
23286
934
19245
5068
24237
20704
22308
19100
18958
15627
5982
20837
24886
10497
17840
16292
11702
14705
5717
19121
22111
15833
19221
22873
7935
9995
13461
4270
9734
20815
21909
9334
7331
13932
23338
1162
9135
14797
16172
1983
16111
10618
2296
13116
23169
4716
23823
7734
14240
19860
24346
8997
6685
1267
21498
3682
6427
11643
19181
18580
10275
9690
13598
3707
429
9310
20047
17266
20381
5028
22604
7072
20013
4518
22693
1485
12853
2668
190
3044
14678
24721
12236
1322
17105
2100
23550
23710
23037
18262
11777
3581
6012
15020
11594
506
7779
10390
21003
703
19110
9859
12083
10096
7262
17834
20133
6564
14625
18765
5647
10604
6683
14295
22137
3595
6905
23918
1787
11334
23686
9131
1345
19571
12223
10351
24921
20833
3770
14562
3224
2201
6924
16632
11403
9063
16670
9168
13215
12406
18745
13193
24275
7663
16291
18648
7817
7100
547
12740
14784
1261
19904
7939
24884
6199
14752
10980
16925
15430
15631
24127
6060
11964
16311
2737
9498
18681
22699
2200
9110
16193
20041
6034
7626
18565
11596
7333
18316
17568
17581
21740
15874
12702
18402
22394
607
19367
22353
16186
14722
1948
4719
2917
953
16923
18501
12823
2801
4847
11934
10396
8470
7523
16228
21749
17072
11090
3799
3386
15167
17972
1213
22843
17358
11874
17270
1547
14252
10744
16127
3809
7799
21141
17309
16275
10500
17287
6220
1821
9374
21903
8947
22495
21951
12699
6729
17600
11393
583
5771
14876
13934
23211
9511
12746
13218
1855
6015
7385
6894
16514
18394
4552
1185
14004
18888
20356
4822
22194
3442
15360
7027
2916
21969
17330
429
19615
7625
909
7661
21866
3149
5744
21285
13431
1387
14826
8189
11700
8081
8362
20086
17646
23022
21236
4763
8169
16660
14068
16396
6009
9975
3920
5962
3647
4761
2514
11622
13691
19542
6459
8948
19833
24167
6082
24253
14896
23377
15562
14765
14352
22903
12993
22766
15860
8089
9981
16241
14551
18461
20629
7212
14450
17478
21344
15363
21531
10367
10335
14102
11124
5503
2506
24119
2755
4530
3989
10578
13321
22713
21174
9551
6833
2287
7409
8015
5582
20798
10540
6944
6032
19058
24136
15301
13669
7878
14557
658
14962
19154
2106
3245
23646
18567
12537
20887
15747
24885
12185
24682
14543
12161
1965
7489
24481
13350
14885
10534
2317
8324
24478
16714
16478
23796
10465
2074
6801
15377
112
9835
14462
3037
11609
10113
17336
15956
13333
3300
2778
14565
3956
15455
17797
24709
2120
5099
8131
12596
3255
13595
20486
22626
24373
20238
14472
8820
9971
22903
2375
20821
22400
20844
18618
11153
18116
3282
16639
2091
18355
14736
20485
22861
3000
24921
7729
1975
15612
1933
19044
8819
21988
3996
23764
1233
5750
915
22958
4309
22213
12339
15009
23344
7762
4449
22591
7214
19013
21449
19767
12990
12687
14473
7271
24951
17302
17222
15597
17215
11275
7668
10882
23074
10465
22956
2711
20931
5962
21083
21799
13839
22228
24822
21936
486
7197
10766
17775
845
9434
9936
22151
2587
13999
5315
1204
9569
7002
18341
5739
3457
5133
10363
24048
22704
7573
10456
11871
8200
13298
4712
9285
22693
21102
2996
21412
21033
8995
9431
17565
19999
8287
24128
7346
19398
12214
10844
23729
14051
12367
676
18072
9730
1634
20335
3122
14365
7754
14798
2186
7246
21506
12220
17604
20274
22270
6546
559
22731
15598
209
18616
1534
22619
24352
11967
18772
9099
22598
11955
772
21242
5421
18833
19359
5396
8314
5044
11846
19101
21454
6254
4910
1883
22094
16036
11200
7734
4210
1087
24261
19748
20652
22861
6149
9926
24315
11568
21151
2796
12349
17785
14131
20695
10596
5746
13566
446
24086
11239
2776
10243
3771
3146
13860
2380
11173
16028
12229
3272
14747
14995
9382
15151
19747
7891
24096
19900
9953
13238
16761
23183
4853
16402
23727
3403
17785
9684
6320
22353
14422
22288
20394
15023
3518
20896
11791
15539
16589
2521
19586
18171
23036
1306
8896
17948
7383
21314
11291
12490
10539
5008
12550
9200
22752
8076
20309
7420
17488
18950
18225
18158
21106
14585
3799
1471
2218
11828
10025
13762
24682
9284
2156
15112
9377
19542
15318
21451
7833
24160
22857
23980
10585
24023
21390
17524
387
2086
7687
58
17002
16694
20272
17795
1357
3992
20308
6268
22271
24422
7769
4924
14936
14757
6818
23387
9339
22757
8323
7909
12179
21838
17360
20887
12695
8668
12115
10490
19047
21878
16589
23160
24778
19395
8563
14907
11977
4518
22853
19960
24355
20150
239
19783
4506
10012
4920
21544
21307
12974
20891
381
14151
11043
19929
10388
103
442
8077
9730
11501
15956
24117
18770
18061
10127
3410
801
7261
16450
4619
11510
18355
6473
19450
16640
23810
949
222
11394
4240
24270
13637
8597
19589
1208
5705
943
22312
13486
7665
10830
6580
1004
16387
13036
12958
6837
11483
16735
6893
8037
20230
24010
13532
10309
5432
15984
24081
21565
7567
23371
6893
24276
13074
24532
19522
12058
979
19869
10604
10911
11513
1085
14375
19527
8483
17599
23082
4079
9455
2448
12737
12393
24633
3815
6056
12238
9381
11441
24327
4338
17180
5498
23750
23524
23468
19575
2039
11077
22624
682
1187
1072
6902
17771
17097
6295
20805
17137
20915
13430
6175
13635
16118
629
7826
16543
19150
16550
20512
16686
8513
637
3518
21093
428
4950
15835
5892
19813
11556
23344
4779
13926
1351
17160
16086
4543
21218
17298
17392
15405
4452
7877
8965
9666
8646
11584
2793
12792
5609
21816
3582
6731
12211
15129
1172
9514
7433
5010
11819
9341
12339
19682
12474
24614
8812
9840
16761
1741
12130
23765
17234
22344
7066
17187
2876
18480
5519
7360
1691
4180
1303
9516
8466
6015
7596
878
17819
8610
7736
3367
5952
21193
20442
10836
12057
21036
10278
13506
4085
16862
10404
11591
12447
7446
20521
19352
583
4853
1590
743
11674
16238
19813
3875
24198
1741
23611
24767
15272
21857
6616
9622
16506
9406
20161
17578
20610
15649
23365
21649
12781
16932
6289
1233
11187
14598
12777
1483
14566
4247
12346
19982
6274
6505
3280
16431
13926
24968
13832
4162
5653
14265
4823
5799
16428
17259
3434
11397
4287
11598
7684
3129
7885
7738
14943
5934
19287
23586
7977
21637
1798
9757
13153
23856
7940
4737
7642
24273
7899
2849
4276
9635
11700
3934
15036
9261
16498
23116
9709
668
162
9031
24630
22054
14706
15163
20874
2482
19343
10068
344
7421
3355
7110
7816
14412
23641
12767
14591
9437
24159
4056
774
19991
202
15560
18702
20025
4701
19959
21366
10243
20145
20254
3293
19667
7298
7135
24285
14663
6215
24697
14949
24621
21060
22623
20368
11304
16691
21958
12331
6088
16971
11607
24305
15742
2879
6335
8850
141
17556
21940
3942
4692
15336
22319
20671
1341
15866
11692
21911
7372
1306
4612
4023
1700
11005
19361
20519
21535
6353
18777
17520
24777
23148
757
12984
23425
11954
20256
17789
9228
16808
4971
546
23529
13475
16905
11165
4828
23828
12827
15782
19180
9912
2452
13767
3797
18767
537
2159
6648
15491
12940
14284
15814
24074
11903
8686
23058
4264
7387
20872
14707
7361
8813
20753
9381
8989
13277
2245
19301
15172
12348
12525
6729
24433
10134
1231
6308
18908
15288
17599
15010
12861
8696
21049
3523
11578
5122
5413
6869
7181
21625
2296
4954
21389
4558
6043
9459
18335
15414
729
16677
23665
23403
24436
2488
13057
6582
12176
1315
20964
6080
11488
8280
15298
13907
252
20713
19973
24707
15211
20803
2434
535
7595
8551
14330
12758
11584
16708
5984
17429
9854
7396
16353
20501
18835
23127
15892
14718
1358
19281
20890
5164
22666
23915
14000
21215
1398
21611
21468
13546
9036
8287
9840
21764
7783
23287
2954
3493
22877
12921
2275
21815
17381
4056
21908
17572
15956
14588
8086
11363
11155
22053
8367
3684
22222
16773
12664
19797
13537
14269
6821
10037
8170
22390
6820
13708
14544
21608
3831
5684
4438
158
19710
22420
23371
20563
24304
15984
5233
11103
17543
12966
4758
15205
17372
2042
4928
4111
5263
14791
10696
10177
15553
140
16765
94
5840
12255
7203
15276
24947
1378
23096
13824
3300
2558
3654
22387
3586
20270
20334
18168
21690
22338
13368
4961
4957
17736
12868
23097
15103
2458
23028
22969
1432
5789
806
5330
5535
19358
4301
15783
2224
12003
21731
18651
22647
24173
10464
20424
10392
21634
18598
11578
15528
14346
24861
9254
13049
23711
9073
9987
616
15004
12371
3135
12281
16791
5358
24470
8255
10945
11237
21161
19765
10996
4335
24744
15249
23513
16069
6617
21306
14254
5498
5071
1351
9521
13582
16970
13409
12375
11650
4680
18449
12096
3396
3814
12623
11111
16505
3234
8547
13080
15994
24873
7205
14720
18885
7756
3492
13866
7751
3998
15542
14298
454
18140
11647
13769
14705
15153
9437
1006
14692
12416
15708
14035
16729
16697
4352
904
9112
10905
10750
4692
9309
5927
2003
21980
5177
5804
24003
9292
12130
21750
21390
1411
4086
8584
16163
10422
20117
23852
20524
18663
12013
23955
12851
18224
3876
17496
7815
22057
24092
12196
21742
9203
19799
4201
13889
16550
6432
396
18850
9094
15825
6206
225
15122
23540
23103
20861
23759
23947
4965
7764
20500
6574
11463
9168
13361
16687
21683
14853
16617
21381
8428
218
6798
407
3708
12661
19582
8672
7776
9558
13483
20127
189
6118
6136
11418
15955
3222
24625
4282
11373
20028
22186
12511
22057
810
22867
7886
18694
16730
17835
19116
6690
16783
8673
23953
19105
18124
13160
2769
24433
22303
14767
21362
22233
1484
7291
6605
1251
18789
13883
19899
14487
1891
9494
9080
463
10846
23902
5691
20204
10439
13163
7988
18372
12495
7342
5766
1984
5511
17129
1279
6154
8855
2712
7263
5272
7350
1067
11757
7634
13298
8235
1789
15267
7497
2743
10224
8845
1683
10938
16355
22217
17533
11057
3564
10239
8838
19097
16955
12261
1813
6424
11459
8897
13842
2756
6570
3952
4216
7338
12275
22158
17382
14560
24582
1083
13887
15014
12532
13504
11701
196
10607
24719
24042
4566
7763
14056
3419
17429
23021
3046
20509
2493
14962
18466
2883
7235
21923
22712
4247
21355
24010
651
11553
4935
21217
16733
18837
20586
24597
19472
14233
16602
12443
22865
18749
1465
15862
8875
5208
1789
12178
1352
7077
5371
24291
15836
7481
7148
1525
12019
11230
17071
19063
21049
11755
528
5665
19366
13245
23669
14667
4598
12216
11997
12669
21892
7570
18581
24070
10698
22647
13184
3151
23572
21878
4757
7636
6484
14483
4232
20101
22835
8697
11591
24880
7763
20529
23943
18926
771
21171
17014
17829
9089
21933
16872
4189
3486
15623
8626
4865
19263
21596
21080
3622
22359
17341
20043
8690
5050
6896
15491
6416
10650
10273
20900
11948
12615
15536
23583
4522
508
13151
7742
22599
9544
21259
936
6790
11006
15089
1482
1014
8077
12914
20865
6831
2618
21087
2520
4238
14583
17614
8080
14438
16655
16025
20543
11458
1277
20503
3386
14109
4091
15139
4474
3168
7363
11917
14332
22535
24360
21869
6170
19172
12320
4092
18786
16762
5051
11246
13929
9288
23602
10237
5544
9637
2524
17520
23413
5213
896
6806
13671
407
13142
6310
5390
623
8254
18788
5132
6515
8599
11763
13098
13512
8981
6452
16358
3390
4178
14677
6468
5429
15474
18565
14511
13617
13757
11041
24993
17395
24418
15493
3669
18884
2791
6127
6410
19136
2771
2253
11031
8518
10772
1925
7115
1484
7237
17252
4544
13975
5045
6430
17802
22700
17510
24175
5159
505
24063
5107
18976
11005
20048
2935
9607
23648
23939
4568
17876
11875
4557
11677
736
16475
13124
17785
451
21545
12557
3354
3786
9380
5580
11543
9999
15261
22238
1731
300
5387
12649
12660
24368
5953
24498
5252
2968
24126
18187
10978
14827
1179
8629
23432
21115
11726
17154
11363
4670
21995
19079
14782
4924
14323
6880
12353
3275
12094
7192
7906
2887
6590
12058
15090
9841
21700
22018
22411
12310
23175
17947
17553
22343
4351
20845
17434
9607
17147
1428
6257
4579
6669
15479
9851
18993
20477
3629
6786
11254
18288
4214
13040
10420
693
15941
11927
2862
21892
21472
14507
20988
8299
7991
18328
8714
3968
11393
15523
8447
18184
13490
3213
1641
6530
19729
14235
2972
9840
20476
8582
10446
6858
5778
18406
23019
17626
1876
3413
17573
14496
21858
18109
24647
22715
12806
8052
987
12212
14466
12583
23804
1735
23822
20489
11413
18554
14547
21702
764
15446
11357
23420
14265
16743
3702
20774
15812
16625
2001
23721
24767
11409
1248
11003
14914
4072
2896
24591
11724
17158
21733
16600
9303
8328
6638
24857
21893
17877
16904
9403
19199
387
6133
689
11686
1010
5089
7624
24289
9658
4923
23544
8170
18263
3499
17929
17953
5138
24659
9233
20504
28
10425
21465
7670
19671
3003
12844
23351
1792
6911
14781
488
23157
22421
3620
13923
16577
16283
10991
13666
11894
22925
3286
17137
8119
19280
15590
6145
9201
913
18158
18813
16280
13187
5505
3287
4793
23623
20350
33
608
7476
5722
21322
11845
24238
18300
18439
7420
20010
18124
15248
24224
5651
5278
6982
19056
4369
13868
13015
13504
4790
17808
9194
8931
21247
6254
11298
10424
21095
15553
4014
21370
20418
1720
2836
9536
11747
1547
10804
10070
15057
4431
20984
459
22238
4978
3079
14387
438
15147
10341
12997
6487
2216
746
18130
3158
20791
4810
22723
8324
9035
14442
7136
7945
19344
19253
10079
1846
244
4218
8872
5950
2619
16109
15329
19596
2614
20064
23031
3696
11746
15869
23475
8358
22001
6210
13723
8342
5543
19024
8793
24439
22880
7299
23130
2805
8291
23978
21966
17434
5142
7442
14673
7871
13878
16064
13525
23420
20739
22165
11762
11351
14960
4278
4042
52
7209
16962
3364
8392
21641
8676
9932
16373
5658
19628
19439
19750
6809
7180
5372
3286
17479
23855
3253
23067
12371
2486
16340
16713
3773
4300
3496
22797
20512
16638
21152
6709
18901
14370
21303
15492
788
3202
17859
8262
16769
2763
24167
5452
5959
1392
10210
6720
19479
20498
5445
5538
2719
11005
18333
24538
23354
3641
11675
19721
19433
19723
2419
4469
4473
4680
24076
24630
16096
8458
24932
10070
15406
17787
4042
8643
16440
5444
16612
15789
7322
13122
16213
18361
24259
770
13020
4996
24143
22825
11641
19033
20696
18967
19605
5274
8904
7274
22304
15729
19632
2418
18876
2885
5658
12377
12683
1510
18272
18331
23538
21812
1552
12143
3172
12605
20789
2847
9648
1174
1661
15077
9742
14335
15259
8290
23790
22817
15773
2368
11136
23546
7896
23702
933
4667
20126
24295
2321
6742
13672
8202
5627
8645
8056
23956
17516
14401
6505
12894
17891
11549
21842
13008
23201
15646
17169
2207
6261
7259
6173
21661
21486
1019
13871
24746
8810
7718
18329
4491
10919
20446
24163
6389
3699
9884
3737
24209
24108
6406
22572
6386
1113
160
21648
14387
17784
3217
7244
3748
22479
22718
18717
12970
24230
24461
15583
5809
9462
11955
6460
14777
12770
16822
21359
1884
14700
15518
5561
14320
2074
18810
22529
5935
9072
20737
20521
10636
11925
4574
14175
12122
20737
19905
14269
22328
2521
15484
15485
18093
1139
3171
7619
23538
13979
1927
20088
8690
16550
3599
19561
935
9423
25000
11220
23240
5668
16949
17039
17207
22100
697
19906
16161
7951
10427
9478
3834
4028
3
19243
6932
24955
22068
24313
9050
23449
19148
3301
7761
17105
4010
11105
3967
9818
18695
1218
22441
473
20458
24663
15216
13749
15259
9773
19112
23405
3858
5955
965
1259
2727
955
14110
7314
9793
9262
5949
3901
5320
9944
6991
13735
12004
8330
18563
5355
14833
18858
13203
5957
4166
19407
18901
19113
14976
6462
20987
3909
11283
3463
9594
11098
18280
1646
13979
21779
1292
7493
10191
19865
1052
15248
2128
18499
2650
7407
4927
17930
6055
5317
8747
10053
13442
12919
17089
13636
22284
4108
13370
10079
23539
12275
8496
13809
2917
2867
1359
19016
5634
12541
10539
14340
9684
8552
2588
24906
8008
19626
22369
23879
24911
1163
12152
20764
3391
7283
22649
4997
23589
19314
7597
278
23373
18338
4318
21700
23146
6026
10588
3613
19827
9390
11709
2252
19809
12893
10783
10857
6216
19177
8588
18487
3686
927
24005
15359
2005
22325
17326
12463
21455
23964
23139
13543
23248
6371
9437
1148
3059
22397
24328
24681
21180
4209
3107
14245
18233
3664
5964
24747
13326
4218
15245
18989
18281
21861
24182
11016
10558
6405
9866
20111
21041
11765
9375
4040
860
18225
4476
23059
12429
13226
4323
23097
15025
22531
9627
1128
2009
4497
13034
24507
4990
19940
20337
12230
20038
10622
10252
44
15883
22989
9377
15689
17597
22295
4157
5254
12859
19877
16317
15527
1493
1694
21617
20400
16328
21423
11209
2166
16954
5246
13825
14893
689
980
9860
2331
2095
15111
24892
24023
15608
307
8565
23326
16444
9383
23338
727
17384
16621
2883
12561
20461
21879
4435
2456
18699
5842
8812
18132
10929
9443
12867
19984
4752
2520
3525
23149
8301
11005
9101
9257
5671
23305
7482
356
4581
15924
22059
7534
12053
8100
18847
6341
24197
9747
174
10436
17211
2416
13841
23734
21079
22461
15988
10396
12034
9242
1682
11106
16732
22135
10492
11389
3778
8717
16424
3967
5333
14126
1586
3751
5264
21955
20716
17139
13147
19612
17246
1818
22912
19758
4515
7650
1323
11099
1041
19805
13423
14625
11609
23448
6812
17584
20731
10622
16769
8813
2292
18544
21407
8979
11305
19683
7873
17247
3450
18266
9574
11466
1175
16798
10074
12759
4898
19669
22261
9048
23575
16998
6671
3942
1299
12190
24312
15684
3108
21781
17581
23092
9670
4680
9842
652
20341
14173
8611
21221
14256
11526
19165
9663
20166
12856
9643
9126
4405
21689
16138
13481
23778
24054
2624
20053
14725
28
13246
4681
8548
17698
791
1601
20368
10867
23337
5788
8123
2091
14083
10490
13791
8365
8307
18428
3246
24608
23502
6076
15721
5556
13073
8582
22913
22602
20241
16443
22575
11219
17572
18054
21580
23201
12297
4868
4283
17929
16119
8144
16913
14479
24314
15060
19768
2626
3654
19059
15304
14421
24785
4420
13833
2172
16411
23022
12772
23779
4816
20291
10962
14613
2292
14828
4683
15592
7918
8007
22818
16597
7035
22165
17940
16681
359
20185
21003
9527
16371
19412
11603
19524
6175
9755
4045
23284
7766
4713
4425
15707
12558
10993
22028
5456
7145
23097
3051
14183
3651
16067
17799
9972
13318
22336
17456
1140
20475
19872
2073
9405
18026
18977
1789
2015
8296
23131
3413
4627
1793
17821
11396
7636
7477
13225
10080
12386
8984
3670
20940
19469
23972
12281
14774
18445
17752
17172
3362
6914
19560
11733
7321
8475
18760
9335
23450
8974
17372
2822
8405
17152
4253
7889
12173
6872
7388
19067
14355
17568
19003
15833
13256
13893
4361
20531
9224
17841
9557
10746
20807
17291
1903
22897
17909
2199
12978
10959
3188
3290
14557
22197
15755
6400
21676
21900
3299
9118
1822
9797
19062
7982
3454
6820
24453
22355
3794
13028
7153
24498
19728
22214
2612
9893
2890
24134
3435
6983
8395
13909
23250
16145
3095
14058
962
14836
20836
8295
5277
433
24448
11527
13166
22928
4399
4832
11289
15337
19957
19047
17225
19220
17938
18336
20335
21834
16292
21688
18801
16896
9672
16681
451
17091
5724
23795
23669
18726
4973
10713
19275
17112
19772
19643
20916
19087
7821
8607
1831
7327
18075
24516
21847
2706
9941
18936
1101
21688
6950
15197
7845
3333
10877
10381
17920
8885
23682
13024
21485
15660
8599
2625
2979
23036
7497
15671
15640
18280
5109
23041
6465
22950
2717
16370
1703
3610
4730
3590
23837
9997
1119
18943
1929
12474
2480
3125
23598
18396
12612
22372
11493
11279
9369
22237
24282
7151
16860
13374
4899
21921
22351
15556
17153
626
24071
1857
1052
16710
12154
3116
22415
18828
20571
10736
24934
5905
7733
15229
20872
18066
9364
6729
13078
17205
13294
12481
7253
10680
7907
17630
11948
3765
20904
12765
13053
5476
20827
12805
5684
13896
14112
17201
6678
8580
989
9268
9352
10788
7282
5146
4697
809
12729
22007
17197
1061
16174
17464
1138
21657
23323
18304
16201
7727
17263
18296
3620
2750
9418
17980
10487
1273
10261
10001
15430
20710
17412
12104
7649
21699
599
24134
14499
3705
3916
4811
472
6183
13868
20431
10297
23673
18730
6989
5759
24343
1863
5192
20305
17243
22215
425
2765
14398
17503
4690
6603
8762
10375
1891
23605
23216
2052
24180
1067
19874
18370
8206
16581
16307
20285
3414
16708
23545
16487
4412
3849
8196
16331
17599
19111
12604
11299
15230
16526
16726
995
13458
10578
4843
4225
3803
17113
3313
19533
1924
5955
9014
9524
22097
10065
21743
12332
20455
13309
5730
22945
16405
2775
872
13244
17201
13426
14985
13003
15034
21550
24914
19292
2461
23647
20767
22727
3528
24569
10602
20276
2955
22342
17902
5578
21537
4623
21784
10505
1553
6005
12320
13448
22282
7967
20073
11501
5224
23089
6251
16848
24376
12161
23259
22324
18533
19838
3512
21377
3908
6043
7220
8388
1463
7738
24160
22468
5796
8131
14929
10790
5962
19460
5942
2300
24686
24265
18062
24360
19214
8064
11240
19325
21395
20329
13508
13601
14176
4813
7754
1636
23218
9334
15702
2087
19691
20858
18178
3949
10
12434
24189
19267
12600
18195
13393
6994
22409
10883
13154
14647
20937
15410
17189
23697
9398
5272
4880
20218
20274
14698
5712
20850
24169
20176
24110
19651
6916
24658
24160
12613
19555
13909
19648
16996
21272
17986
24925
17450
916
7300
13553
18848
3802
18403
18713
22440
20204
11812
14480
10874
21828
12646
22359
19241
24118
23495
1607
9892
9858
24590
7232
2547
23172
18531
21419
21602
7440
7760
457
8039
16182
19505
16870
14845
7463
2943
11598
9676
12464
24586
14730
18833
15172
4822
2569
23406
9496
18211
16106
5564
21412
4579
2449
2025
6748
16691
1172
22239
18383
3327
8960
24239
10207
10798
1952
14152
11501
14497
2641
8944
6607
4567
12466
3195
12196
2339
828
7817
17342
9317
8045
1018
12565
7205
17973
21907
21110
7492
8797
445
3422
24947
8365
8509
13489
23166
878
3430
24896
17173
17614
9239
11122
130
11457
8309
17889
11262
12761
4754
3158
3207
11837
20378
18946
20540
21797
10273
11303
5819
21378
12175
18894
10681
14052
17278
5942
8128
16228
18510
15180
5426
2910
2389
13888
10743
10235
20740
9074
4243
6234
23794
11152
7578
23118
3236
5208
15510
20828
21201
9383
464
9643
7250
8938
17319
7335
10259
2297
14779
4161
3815
13260
17332
8665
5957
17193
19648
9931
12401
14898
24730
20613
12534
7098
16728
11353
18475
5581
2385
19853
11565
20644
6054
13341
5065
18323
16145
20322
20573
9477
8242
8112
6317
19069
2507
1666
15241
10128
23196
3758
12681
7089
4704
15042
1648
12841
22426
3300
20130
10768
17174
17320
5506
13092
17423
17980
154
17532
9152
2134
7266
71
10084
15663
23685
4477
5642
16539
471
20651
24534
16552
11944
22407
19607
14885
16250
14961
22174
24015
7850
18282
5691
24121
7369
17698
3566
21423
4931
20847
15650
2936
5314
12773
3882
10553
18747
15969
13811
9004
9361
6231
15853
17109
2887
13621
9927
20489
17329
15788
4241
15461
18365
8487
2688
16075
8911
18291
20228
13729
17417
16518
5208
8811
15122
3815
15539
4595
17909
11945
10034
20540
7685
15003
24488
4314
4951
7129
17729
6636
17168
900
10664
13171
22108
12163
9157
7201
4471
10165
20158
20303
17496
2916
4875
7551
10455
17840
23537
12462
3561
2513
3848
10055
16254
10895
650
18968
8305
5590
16002
2862
4607
9890
1486
10774
9988
4993
6946
13470
13384
20051
21895
9764
12944
4859
21423
23704
20219
10046
4422
9333
23751
19852
16101
12761
9795
17677
12221
19880
8398
20102
5646
21559
24569
24636
3129
17644
4997
2214
14043
3773
6750
4756
19386
3532
14403
23909
16437
15061
21350
15284
6384
11681
13860
23890
11492
3978
21525
21598
359
7715
803
22829
2870
6426
24870
14504
17637
23052
12804
90
4115
14022
18053
18513
12024
17789
11751
5490
9000
18971
9302
13108
8643
15125
16518
8724
5699
10402
8132
2702
17601
9797
1770
22372
1387
16364
3496
15810
1846
17962
2805
18080
4204
12500
18252
24535
13449
1911
12451
14270
4156
23047
24501
17602
19679
15102
19578
9359
4462
3539
14453
275
6781
23789
16059
14356
9805
1026
24663
19701
1702
12508
1607
13844
24896
4019
9525
9737
23860
10814
7599
3415
16285
8176
9720
8329
14324
13758
20206
10997
16420
19298
16908
5428
4381
2164
12701
22319
7600
23134
18544
8177
1916
2739
22119
7256
10076
7650
1813
12359
11842
9466
16015
8222
738
13567
9621
19137
17698
17915
7584
13449
3932
13214
5424
22143
3450
21243
7286
19102
22928
18286
20304
14717
12497
7749
3658
2689
9777
24215
8349
902
18808
6734
11900
8933
4815
17258
12858
3944
11543
1704
1540
7630
10438
9500
19814
6531
24878
3674
15284
7258
13788
1543
7256
13586
7057
15572
23773
7815
8941
21563
19894
24605
22111
23163
11336
1302
4466
13346
14500
14800
8198
20054
10375
3200
13407
20781
11918
24453
14403
19665
18703
1129
24768
8717
19446
11188
14164
15947
19488
16358
20470
15300
10972
20545
21945
18584
10058
281
19178
9260
13232
23548
6651
9440
21731
12473
9620
6272
22740
6676
565
5649
14182
7173
8219
5071
3012
21952
22059
16082
23527
1051
4443
14489
3546
14548
10935
13870
8850
13437
177
24199
7261
7443
18376
10257
21956
16078
21398
22645
5711
18681
730
24360
19841
1637
24234
4476
6153
5468
20601
16984
7856
12907
5374
16673
4420
7354
23766
15542
11215
9486
19564
9896
24318
15616
52
19679
3942
4307
3989
14129
5607
7599
24783
18841
20777
8675
701
21488
10113
14949
3505
21169
9096
12176
13158
8621
6413
10471
23521
2869
8707
21740
6770
3846
23497
6088
19854
9268
3112
8470
13671
15801
15201
4517
23859
19114
10509
5061
16805
11471
16909
4872
7529
3063
23693
4171
17372
6977
24826
23787
10994
10218
21493
3038
22678
9188
3113
20735
14450
2657
8817
21531
5353
3757
6321
9672
16853
23345
4527
23861
13475
15910
4795
22864
2076
18826
8135
17932
2897
5052
13465
4222
3472
8896
23302
23686
21537
20176
4296
733
16188
7718
20039
1461
4517
23243
22282
24202
6667
17807
17878
14870
8147
8909
17375
2667
15790
13249
13522
3341
3424
829
17497
5134
5641
19677
9672
23664
18831
7604
6156
3375
20203
21119
13353
16534
8931
20543
19483
20865
604
19524
287
3504
8011
5983
23325
7958
254
4095
5936
24951
2828
23858
14817
7916
14421
13685
13742
22622
21644
19169
12341
489
2913
15284
1608
13240
15731
19163
8671
21532
2772
15162
4309
17915
549
12240
7107
15022
3217
20322
9980
7821
23137
16058
15057
7135
9874
4417
17110
9901
18594
3649
23795
9172
10080
11783
21711
20452
8486
17344
11729
3015
18150
9099
18079
3342
19839
5789
19680
13605
14905
12219
9732
15045
4143
11905
340
20098
12309
2363
5802
3833
8973
3444
24524
22863
22356
18117
24648
4134
17171
10554
8239
22361
19851
8601
18022
20203
5754
4089
20166
10627
21309
12439
22492
22397
5868
10110
17109
15611
16135
19324
22670
9464
9682
23760
7369
4424
9083
11662
19208
19403
5107
20835
5019
21469
12142
78
13865
13054
19606
22760
23242
12113
22876
1603
19817
18164
15579
20754
17315
16794
9383
998
19210
5625
22547
17371
13451
4252
4114
22492
14183
8777
12666
15844
8869
13545
13317
21481
723
18827
10097
3567
19614
13806
17037
2810
18907
11510
13746
20662
15316
2119
17200
19256
8398
12562
5280
1125
23030
1318
16891
9092
7433
5586
19580
24528
7458
8820
3698
18790
7035
17630
14499
942
10362
22196
21516
7108
24172
23532
12003
14502
6520
22332
10066
7764
16517
6242
13008
5454
10501
8370
19488
23654
5395
12185
12427
20702
17547
19070
2146
4299
23170
4635
2477
2587
15636
18676
20108
23979
6337
3977
22842
22436
14311
23665
10266
11472
1194
21873
9503
418
6460
15692
9826
11258
22454
4736
5994
4585
23158
11576
6620
8520
24262
3080
14722
14278
15593
13240
1643
8939
14665
1463
12720
903
24494
17700
11284
17161
1828
7927
2723
1801
12837
4420
24663
18594
9779
18053
23224
11959
9844
7258
21030
6715
9932
8997
7363
22600
17396
3482
2339
5624
1058
15331
6727
11371
17508
23161
21287
23388
4957
5086
1268
22982
48
12201
1795
6081
22293
9992
6336
4792
22340
19448
22876
13199
4200
12848
3701
17217
21150
1793
1302
24756
23901
16953
6158
12254
9849
9331
12713
3587
14141
21407
20510
14681
24234
20145
1686
2967
24559
3170
11946
23186
16670
24997
4118
17002
1547
3878
21232
14766
5718
12537
2721
15917
8923
15524
10376
10181
14592
20006
13901
422
10691
4065
22692
6037
1795
13977
15783
14785
1045
1728
5230
4289
21091
24617
10357
10594
13026
22797
1213
17890
4343
11960
13128
22421
13113
1926
3037
12676
12320
9208
1023
3708
18851
1720
11375
21804
8410
18016
16773
16192
7018
15288
22444
13676
4498
22705
21418
4860
16362
5372
12699
6149
11923
4840
4483
16678
24891
4829
7453
20956
24109
17792
11412
12103
13371
5014
6738
9255
7824
1380
712
24910
16941
4409
22552
8289
14327
24641
14634
21598
21127
14093
14862
14844
16644
4661
7297
11098
22809
6846
21322
17824
10896
12440
5596
19264
18878
15561
1433
17345
7926
24402
1231
15944
20637
12861
22018
14765
12221
16558
15759
12127
12153
1190
24620
18620
23590
2323
18620
19694
14336
9004
6072
20425
3479
5909
970
9284
10053
18162
14519
24400
6184
2237
10751
10550
3522
4360
24837
19274
13644
20949
15967
19803
22134
21379
24582
18325
20056
14632
12275
12717
24601
14320
11526
13437
3190
11355
7162
22206
16685
20359
10958
18703
15376
7649
758
1134
18976
13241
24494
8260
6463
6964
19172
22723
8334
9831
24398
10751
9601
18154
17332
7869
11202
16865
23320
278
23693
18237
12461
14574
8692
747
19755
22471
1027
22149
9501
14308
5050
17658
6707
12359
6811
19457
15074
7841
5836
4355
7778
8443
12616
13406
16644
5138
24675
23982
24433
8293
8850
12114
23048
6523
9425
18113
17526
9081
24330
11930
19059
19544
20355
12379
16340
17325
19919
12470
17400
13698
20486
11892
2849
20804
2605
8359
10831
11374
8968
20668
5521
381
2833
20942
23311
4465
725
3029
21395
23700
16690
17423
23371
21988
11784
17306
148
3718
11347
17915
17486
11780
2690
19531
24670
18703
24497
10904
19927
9800
3154
17436
14744
6622
2677
13647
4492
4646
1985
18059
7306
19605
6718
23637
9539
3835
12439
16312
19691
15693
21945
17630
14063
2057
6763
5951
3021
12447
5230
22429
281
18032
8541
5633
19467
15577
17640
17254
9171
5578
14963
19135
9332
8815
6602
13294
16279
2218
10218
1524
10583
5557
23748
19453
10666
13285
13132
4705
24300
16664
21218
19964
3973
5641
20861
11026
3257
18282
17155
20691
9933
5836
22689
16465
5075
8785
6246
508
2645
4437
4333
18542
13121
17369
14627
1035
23407
9915
1157
21579
3369
12023
12191
9857
11686
17607
12310
19511
23790
21254
24504
17803
10319
17992
11619
11515
23432
3754
353
1076
14502
14635
13229
17022
16672
16213
16874
21621
12349
16322
16768
14707
809
9472
9816
422
3164
5259
2573
6753
4218
15114
20494
15531
2134
971
5524
23569
11894
7879
9038
6434
1176
11814
9458
16075
17447
15622
13514
2209
7841
16408
19757
2674
20026
1819
9600
24404
4286
7106
16394
8256
19223
17278
15135
22210
7079
14377
15337
14585
9104
1135
13558
21760
4390
4772
11969
3891
722
13903
22891
20210
15388
11493
20599
7291
4378
259
6728
5595
8834
10950
23311
6673
6773
21984
3805
1740
2545
12515
24643
20113
22807
20480
5475
7180
871
7031
1388
17937
19668
13341
13296
17658
17809
7841
8262
13400
4417
23644
6849
16393
87
669
21931
3669
19112
6132
1178
18364
3702
23074
8905
11335
15767
8094
18463
7460
2580
14305
20999
14062
5803
24024
23670
22759
14996
4310
13034
17981
23045
11636
9546
16643
12202
21204
4199
757
10726
15433
16517
3442
303
14613
4795
10188
1152
16496
9595
12675
4741
9172
15773
14919
17999
1636
7243
17914
19197
20693
16146
13888
11742
2982
19715
21241
11374
5212
20047
2022
19366
24513
23560
14418
23595
4750
16960
5968
3592
2349
15207
23803
18077
22341
7316
18076
18265
5532
12091
3405
22781
10244
8043
3037
1967
13160
6740
2725
24528
21003
15684
16106
9007
13059
2363
12416
24373
9866
16459
8978
15050
3016
7525
22293
8871
19038
16809
2818
16919
22909
16850
70
3618
8519
19663
13011
14800
5891
20321
3244
4848
6233
8169
431
2621
3800
17618
1069
258
8132
14613
11043
7535
9537
8256
366
13387
3283
6370
10675
10628
2099
12486
16398
7442
18455
11817
9480
11218
17729
21423
715
3732
21718
18871
1457
10918
9618
4328
13692
24609
17369
8281
16660
1510
7865
2565
12138
14313
10341
14822
24063
21569
23184
235
24330
21026
21453
6119
3119
24388
17339
16533
17946
13082
21912
1131
9335
5635
12456
13792
8569
12884
16190
11178
24737
9895
16765
17894
20713
15567
7284
20325
21327
19664
1137
20540
22894
22070
16255
7777
3167
3130
9466
21471
9934
3891
24612
13219
50
7631
5174
6707
23923
4291
18009
18397
317
8968
1280
6694
16907
3860
10486
17378
13306
6885
16371
20469
3726
948
542
5814
2169
2103
23639
22336
20486
10921
5956
21194
22751
13534
18774
6025
2095
10366
19381
6739
20130
17537
10795
7681
7308
14236
3206
7108
22835
22821
24343
7396
4870
15718
6407
3465
2782
19866
5477
13571
12841
19930
24648
229
16532
14836
19471
11148
11124
3270
11958
15931
1569
24488
10197
1948
22674
24227
21468
2588
15732
8537
6570
19226
14046
2531
24700
19507
10815
9256
10804
13194
3541
3482
16052
3854
3183
21446
10769
23248
5302
9845
16332
15645
733
7043
13413
21668
23907
9119
19699
21460
21791
8014
22075
19548
14308
5957
1646
648
13485
431
16898
5078
6199
12953
10640
24422
24698
19574
3312
21499
2762
8248
20994
12809
2981
16526
4392
17224
4605
4794
7346
20910
577
232
8336
4374
6887
9074
23489
20583
9050
14811
23330
9538
13781
2199
15380
8299
22049
7905
1572
4707
9654
7631
23470
24262
13853
22448
6112
7140
15940
3931
4448
17598
19554
12758
12750
24849
19164
5732
13670
18733
1420
12805
3236
13081
7178
21146
1055
17719
21180
1057
16848
416
7380
22627
4245
6828
11588
2709
24606
15258
3563
16541
23611
377
20237
7497
24
1969
2381
4129
24285
15444
18918
4807
7524
17822
8698
18813
18
17590
9141
8425
19973
15141
20061
7818
12554
20810
19446
1861
18550
21759
24122
24716
10512
22026
17484
8161
13949
19678
14658
12608
1465
1184
9802
17811
8023
12062
15364
15972
24918
23520
11241
13366
20713
23982
13113
23295
18617
7030
749
5416
14467
8974
17030
21111
6064
7010
2051
430
10460
16871
16158
21664
7790
11990
16660
2116
22409
9077
5476
12544
8624
5169
12320
22173
2781
15623
7411
3032
24040
17987
2016
13776
21282
20092
12912
10528
23696
16989
9302
5615
15942
16858
23442
17165
18367
24439
23835
21004
18471
10932
11119
8880
24233
7356
10484
22487
17688
1353
12728
6241
2500
6444
8842
5186
13421
19606
14010
17296
9708
7875
19589
23799
16719
7897
24079
11451
20529
13584
17263
18029
20341
17301
14943
24395
245
13713
15611
8905
650
24664
11295
12522
22347
196
15491
2753
22356
21357
19594
21271
1784
7677
20496
15949
24871
514
20175
21224
16975
11419
21832
5406
10661
13839
3708
10670
24485
24925
21064
11026
17311
24780
13329
10104
3475
3131
24493
1191
17268
17420
9223
906
15706
9282
932
23351
9685
23659
12802
19027
16226
24446
22594
9300
23962
18720
2371
9183
18809
3883
4297
3701
15445
19858
18346
13165
13377
14186
12403
8414
16820
24128
18596
11075
9733
5929
14480
6053
2911
14598
5438
12617
19285
14141
15851
20840
18124
16353
4742
1888
3824
16462
10744
10685
24999
4547
7760
9288
13737
6689
13716
213
2499
19597
11550
16756
19141
3962
14144
11620
21480
23273
7553
24017
6289
22919
22671
23051
8388
13682
18216
8255
20003
2882
2247
16029
18866
4729
10142
17005
7434
1045
22734
6130
6641
17270
19936
4550
24798
11455
2379
21666
5001
12330
3275
10635
22697
7966
2823
16607
17793
19838
6706
15447
21178
8181
3476
15254
14144
20682
22229
24388
11774
15510
18982
23303
22012
14735
17934
22562
1703
5698
431
17430
18467
7133
24733
1143
7258
16327
19927
10908
18916
6083
19452
20822
3627
3044
14087
10419
1154
3177
22536
12690
23497
14959
17844
5212
17285
9602
6999
374
8939
7134
17715
23972
315
17082
14523
584
19929
19957
12061
13067
3743
14221
13099
2541
23827
1179
7109
11587
8188
5897
12003
20487
5652
21583
2090
3181
15143
16762
6330
2895
15133
17984
22548
20469
17664
14693
4749
12745
21926
8186
6094
21174
13772
4444
3378
4301
20383
12110
8692
21781
4128
9521
10873
3005
22281
9609
14481
14291
19354
12040
15021
14831
13792
23732
20912
19162
8772
19022
11357
6101
6886
424
24819
14502
15617
7330
14284
13571
16145
3580
10188
14838
24965
3784
1935
5439
22259
1848
10787
19689
16019
6366
7671
20483
11097
18872
14838
15899
11706
10171
8123
13330
3165
23610
21346
5340
10610
5554
645
13709
23163
1785
17842
8560
24671
3798
5995
9302
22573
14861
11466
1852
5281
11577
12579
6297
4452
6494
10299
3981
8193
23552
3739
16093
11462
6732
21791
3582
13890
23732
50
9947
24971
16778
24111
2500
7449
7328
6674
1030
2330
2125
22537
21390
3401
14594
22460
16301
22950
14293
11940
17032
23124
4239
3741
18607
12312
4525
13876
13455
6822
1554
4876
16478
24551
22107
3982
6877
24639
21127
22975
21695
8886
10058
6267
4991
22596
22339
4839
2329
9593
23171
2623
12848
11740
5832
14924
21518
582
24099
21135
23374
2610
13708
2278
11573
19415
6549
5766
19553
13000
9978
23817
10776
7373
3175
10236
6322
16735
17876
9741
2610
12388
18860
23587
8278
19574
23883
2711
4705
11863
10181
8692
9658
24866
22724
6671
14464
314
13473
3666
11792
2723
24402
8056
9603
23534
9421
538
9924
16925
19183
7689
4871
23772
22326
9900
18630
15775
19912
8603
22886
15505
12885
1436
717
19767
20210
13710
24242
24569
22398
20613
2145
23845
22877
4385
11549
12477
19810
5707
8857
24596
18404
21706
13737
20013
16973
18433
6863
23424
23103
2472
12259
23069
18604
23444
22923
22179
19374
11084
16105
19342
17955
1386
21947
10782
3096
14722
7305
22591
23921
24068
24869
8588
24520
15528
13479
10851
7797
8472
20638
19040
156
7157
23315
19086
7386
10165
6851
21612
6913
4268
10246
15070
10210
16043
3139
17403
16769
8659
16704
4799
11800
16530
21921
6398
4137
6966
15174
694
7281
10833
199
10278
2210
130
17107
1333
3158
11375
7936
372
17587
17712
3177
21069
22702
3522
15393
19018
17001
22425
2057
335
7667
12072
13924
1878
17733
24011
17505
1593
4206
16910
3367
5465
74
24581
20263
2903
8026
12618
14952
16470
21692
6170
9192
17906
17590
23492
6966
17944
12150
12009
8870
10346
6595
23950
12106
7980
24660
11108
1968
7333
13077
17421
24170
19564
18222
13832
15096
6305
9213
14273
10427
9547
3813
8456
1721
23960
4574
19929
13887
4800
1202
6462
21326
7767
2777
13341
11957
15776
11325
23358
12465
24174
9542
13983
22485
3983
13234
17760
1608
20966
20316
24337
11351
13634
1841
16793
11784
17203
11114
8111
9738
21466
21762
23661
14542
17303
18570
24673
21652
740
24064
20838
20147
852
5214
4163
17230
9295
3586
21599
3972
16345
2551
6383
4267
19185
10925
11500
20498
22956
8139
1466
12216
19243
12344
19924
13166
17380
17220
22369
10952
17909
23410
10827
5470
18684
14679
20964
6542
15656
21160
10027
10622
2189
18615
7491
10371
15073
23146
17332
13288
11892
20796
1387
20636
15571
6721
5191
192
1890
16495
8321
4993
13802
24942
5471
13828
8283
9060
12545
23052
17727
20521
17679
10673
13805
15764
20825
2242
21175
473
18750
12332
8080
21432
5224
13718
16301
9885
15194
22412
20243
5339
3693
20875
22023
20460
18103
20513
21713
22403
9139
19585
20510
12230
19589
12753
8405
6157
8542
6248
7832
23484
2730
12034
13882
3085
24408
8444
15789
13504
19219
14232
17942
3188
23917
15261
17232
19660
5325
5140
12380
2942
22699
3706
4803
18321
9239
15835
7677
12663
11063
1854
18284
2706
7516
15692
16141
15013
20088
13949
18699
834
23638
1599
15498
541
10905
21619
20539
4285
21767
24786
9911
20907
22376
23260
7942
3845
5404
21700
6004
15818
24526
22987
7991
14775
14421
22728
16085
3960
19586
21471
15590
17113
22522
1226
17978
18732
5129
16518
19339
4564
6005
22499
21716
13479
17230
6741
2658
18536
11316
22906
19531
22436
11368
2706
22971
20302
1731
5191
17768
21349
8348
16415
3959
19604
1848
21393
6111
7941
12100
17873
4676
3072
4635
21717
9040
229
18913
21049
353
22482
22613
11685
15519
43
16433
12179
12301
21534
7939
10401
20096
3870
242
20170
2896
7183
3529
17071
10162
13794
24928
9973
22721
4877
8376
2806
12392
5429
3291
9080
8550
9211
953
7660
7247
23226
9848
5219
19561
6737
14709
8767
10664
14471
22939
24335
11066
19865
2037
4440
3448
12292
6617
15230
17834
2551
21080
23223
15884
15593
8160
12979
24383
13097
808
23953
8478
11047
13261
20050
10533
23802
23317
2914
23294
842
12122
13357
7917
18283
22129
11751
5168
6055
1454
11849
13940
22362
22026
21106
5766
15770
5885
6159
4828
14418
16873
10663
12175
10040
4519
854
16130
14734
1588
8884
21878
9362
10427
12815
13346
4281
16558
6632
24291
1586
4799
7858
18219
10928
3977
10333
12566
2224
18823
5941
5405
19101
13627
15233
10930
15507
23251
17298
904
20721
2486
3192
22145
4261
5149
23983
825
18563
20756
16041
11016
16757
18577
8853
23016
15662
734
10566
13060
22352
19526
8701
631
20349
2322
17342
21012
7593
22880
24252
14720
16288
23536
14680
23254
2542
9933
23475
5640
16552
12856
11512
5005
2162
9958
8444
15618
1941
12409
15065
16795
11131
24316
3735
9630
20744
8052
9960
22080
5689
15395
18835
22759
15818
20570
24919
19956
8163
13610
769
18159
17695
9622
8918
20573
7703
16285
11121
5766
6627
2933
15388
15217
11341
13455
18258
1388
2594
20950
22467
17247
4795
1483
17487
5934
18745
4937
14584
21973
5884
9712
9011
16539
4289
6278
11707
23261
15298
14080
13193
19500
1200
7843
13097
24053
14164
450
20192
21145
22285
13066
22006
6880
18129
23347
17403
13192
22105
18334
24858
11653
18244
7190
110
16355
6506
24486
16227
11671
5942
6249
3391
3101
19800
11936
6876
22554
13585
24006
4456
19414
15117
189
23638
24138
18144
19733
6612
17587
4115
10970
5412
5698
15704
2576
6991
21613
23262
16074
19462
2752
15189
552
21769
3131
20006
10121
3248
15826
4929
1606
20912
19286
2108
5638
7395
1410
20091
15197
17068
24914
1023
23734
15614
3242
10519
4579
10460
13956
4477
10811
343
18093
23281
19768
9885
17777
16087
13907
13017
22985
22488
714
19029
16252
15220
15814
20381
4432
17227
13025
24634
12335
21685
9907
10829
20402
14154
1393
3549
12696
13430
21832
17975
17676
17341
14536
21951
8956
15003
11450
17629
8040
3564
756
8527
17392
22770
19511
5279
9362
3341
7333
6863
4988
6485
13732
12055
1642
16020
18644
8231
14134
15571
10333
9231
11464
6890
6852
5752
8749
902
22119
3897
234
5821
5108
19423
10573
4584
18185
8878
7943
18699
11421
9646
15621
14485
2683
10507
5112
10117
24750
5517
22461
22095
14095
2240
23852
17617
24847
17300
3118
21873
7479
9172
5163
10959
6562
8187
12757
17018
6495
3763
15843
16243
20294
943
13430
16772
17652
24528
22618
695
19463
23034
4371
11566
1016
13454
16274
24152
3548
11317
4230
18140
10048
1879
142
8345
6163
16579
14326
14403
17495
19986
4347
23862
7179
21528
22820
18602
2804
5599
4125
505
23826
9230
18379
23856
19054
21962
22829
1462
24832
17917
20708
21681
22789
24758
18698
15506
8171
13399
20899
13193
8762
935
7984
14946
5897
22356
19631
12483
3634
8807
10815
19831
6139
14677
15088
13596
1737
10457
9566
2417
23639
1669
8891
11664
19181
20152
21764
1126
22221
296
11432
20611
20358
17915
4098
13853
18208
13547
448
13807
18091
22588
22229
5454
18590
15244
24164
14928
8717
5460
11462
1602
22507
21534
10153
9955
23650
23735
3117
13380
8788
18092
13371
16701
17602
21372
12390
8231
9481
12010
11488
13457
8552
14357
16718
13320
23065
20070
24043
15600
15263
21124
1038
24760
13330
8914
1686
8833
9878
23998
24973
2098
16197
10066
14947
10312
17022
23720
7458
579
17140
18314
15134
7006
8913
2018
11479
4050
16386
24552
1484
23834
6555
20995
234
22075
4675
3166
8538
22137
5566
24532
19976
12686
23500
2693
12770
14135
19716
2647
24040
22874
4824
12827
9023
24671
8402
1155
20876
11462
14601
22269
6384
24095
10259
24733
6614
16911
19827
9045
7624
6940
1252
5017
23011
13444
8670
19263
12880
11229
980
14821
8649
23621
22209
11804
12905
2302
20248
17604
22944
19895
17223
24087
20986
11060
7020
8859
22146
9071
18385
23393
9137
17644
17680
4070
19767
3337
14289
20076
5308
15060
11869
6219
11084
23755
14981
22326
14436
21569
8955
3165
18990
19080
15894
8964
12719
3657
16074
466
875
7663
11804
600
11238
15587
15743
5222
20853
16995
12743
8903
11800
10263
2566
11735
6515
24457
11504
7131
22502
24578
15267
23026
12316
17996
8435
3703
24312
5160
9465
16909
9200
20994
9294
18275
7603
19739
19738
5622
9921
24235
6329
19019
11162
1262
8840
9126
17637
21282
20547
20308
20514
19982
11978
18725
7803
15135
12000
10079
11960
9708
18294
11904
17404
20111
8389
5774
19566
19581
19580
16397
18726
24938
20529
24465
8210
8918
3930
7024
7530
4204
24792
7111
6495
19339
3375
20012
12356
9376
15076
21786
4429
21149
16604
1181
16042
13382
24904
10383
3430
4641
19790
22334
10872
24560
2809
9127
6480
7168
3167
19141
1550
18277
2247
23592
7782
14766
612
22125
5423
11510
7529
9742
4972
6814
18118
13507
8997
18930
7740
3056
2870
20193
14017
4848
9684
15722
13425
6426
8966
6635
309
5117
6969
19264
17355
4730
24069
17692
8851
21791
21714
9607
7354
5083
24813
22662
8417
540
7021
21502
11965
17055
7294
17579
8817
2573
4306
21786
6767
7711
10802
3566
22522
13501
10
4226
10749
8775
2662
20993
18045
4257
15197
18806
9995
15345
15258
155
5051
22857
18956
3750
9968
5815
9380
2004
10885
7169
11792
18092
1999
15268
23594
23750
22263
6033
22663
6180
22330
15007
6421
9728
19674
12462
8415
7312
22994
7266
6259
115
16933
3407
4960
19217
23413
6775
12858
5528
22372
17277
19880
52
367
15441
8037
24920
11922
7607
12920
12270
1636
7162
1069
23349
22941
12724
24872
21874
9138
13426
17380
9592
9212
13489
19787
22926
17502
4918
10281
24023
21519
9149
9586
17812
2115
21640
12633
12869
15414
10638
11365
7029
24521
22490
8604
19764
21170
23604
6683
4834
20593
6993
130
13715
17837
15331
4543
7617
14793
10831
4855
4186
19163
18666
4637
17202
7029
7945
8327
18682
13164
19064
7797
10979
7943
15897
20587
23661
21671
761
21896
3913
12048
11147
17367
3359
10429
1710
8075
13202
16456
572
1069
17669
1536
24696
10679
4470
9516
16180
6735
24947
24888
19626
81
10596
24919
18522
332
13051
15830
18115
15930
2922
18887
19201
23734
21991
8257
13953
17556
10168
3641
24738
19484
7243
1349
2671
23432
5160
17529
2053
23876
8174
20290
11056
1306
22330
14202
7474
14346
5506
12145
19906
15066
6061
13233
1438
13513
13397
7360
3422
4543
21385
7975
4708
10775
24783
22200
23956
2095
6596
8229
18786
18621
8620
23257
5097
4698
4510
5615
17437
7559
22684
10031
11169
1431
4136
24178
2491
3028
15388
22723
12618
15643
10922
18398
3936
16404
24842
10258
12633
14068
590
3798
6797
16719
11444
3147
19145
19389
16132
23576
4407
1430
22972
8546
20301
20069
8141
15588
22293
5802
790
2895
13347
23912
12101
5799
10135
5085
1804
4594
15442
3427
10440
11854
4532
24123
20983
16934
23216
19448
20387
2286
5945
1186
13512
22305
19049
20789
12997
22137
5699
18872
13531
3983
10309
8618
2233
4291
17568
17758
21848
21285
19631
5856
18116
14762
15938
10417
13400
7426
6210
20208
12780
182
19149
754
19151
10373
9614
21027
9160
6372
10886
9035
14820
11097
18948
12984
3850
20325
5810
21907
2073
8506
13942
10779
12448
5882
4675
17209
7277
4270
614
21071
355
3687
13807
15723
2506
4502
21011
8158
21987
2068
9313
989
9277
2056
22713
8101
9205
9071
20023
165
5365
8903
5567
7913
9559
6404
19560
8929
22712
19774
7703
7749
1668
21597
6872
9464
22754
7081
8383
19493
10925
22038
22963
15404
3473
5900
15627
673
2949
4423
1317
17010
9794
17270
2025
17916
8938
12108
24944
10115
12998
15859
12650
10012
1023
1886
19603
14611
5398
17187
23966
309
6329
16028
16208
19424
12953
11523
21048
6772
2812
6248
15418
2318
13162
1694
11049
4639
16374
15994
4039
124
19114
23199
4006
24355
22589
24036
14012
6012
16735
10037
15856
7522
18417
16382
6388
16092
18688
21922
21452
13720
8839
18191
18431
13078
15365
11945
4702
16209
18975
3055
23327
903
10626
10069
24894
20795
20808
16406
13919
21979
8401
18511
9986
4604
10460
4679
14061
3101
3058
607
16542
9168
15168
18136
20490
2278
16628
3263
20398
1750
16211
222
11515
17355
10196
13571
1673
4420
24256
11575
19130
8336
11091
7856
13266
8070
15043
21842
17018
5161
19417
14801
22725
17143
9937
18182
11819
7744
5659
1874
9238
7827
2275
16130
5498
13794
11765
799
18476
6390
2449
7091
21611
18902
11393
20060
12630
17036
2186
4007
144
4650
23852
8257
16848
18456
13025
15486
6113
15677
3812
12776
6904
2960
8326
8041
9363
10059
19599
4410
13085
10118
19158
378
3762
23581
9280
832
10745
9913
23420
156
14816
13360
2446
10654
9095
14691
13827
21294
3824
17491
22584
7634
4098
23880
5248
18222
6638
9454
7056
20717
9361
18540
19964
5838
8359
2824
10673
13497
14416
2747
4433
14044
1972
3325
24035
7405
17978
5937
22247
8677
22024
23037
18339
18832
2199
18549
24768
13448
24697
21128
18810
4371
6290
2713
16857
1626
5576
3121
4934
6797
23657
16602
4655
4884
8291
23184
6806
15224
24207
20238
24862
2349
23147
400
17154
1095
11518
12761
14841
8135
9
15205
9609
3367
8353
12615
6935
11986
16801
806
20537
24839
3557
13481
8829
22496
9054
21141
11769
1734
13183
3958
20239
18140
12597
16064
3760
134
6516
13649
8237
10200
16342
18306
7934
57
1999
816
22647
21330
15641
12337
10340
12591
7673
3473
18191
2383
7556
21826
9463
18440
24927
18220
12196
1757
1561
12463
8379
17524
22014
5852
21480
10932
20876
10588
9011
8660
20830
20772
23100
11267
1587
8238
20337
817
12959
4108
14865
10402
19798
1361
3446
4325
4068
17038
3624
13156
3920
9006
16950
14678
5410
19874
12277
2188
14216
1258
23706
23018
13140
23259
1351
5913
14385
14819
2519
22705
7249
4973
19475
660
1832
10631
10917
12898
11492
1524
17968
2456
10062
19788
10813
662
13183
17046
19301
22273
5103
21803
11281
20690
17465
2987
1390
10795
11730
2147
23145
13368
10425
13188
23206
3169
1057
19107
10533
24491
10961
15164
5815
3339
18953
20085
19157
1768
14921
23043
18332
7525
10148
295
20963
15545
13677
9773
21770
15712
22295
18849
21518
14513
5063
641
21527
12492
15953
16651
13306
3322
24646
18633
15778
6075
18402
1628
18954
5126
13078
8532
20478
2160
22925
8624
8729
16898
5284
9446
19460
14282
15551
2074
1785
7266
20684
6506
490
15396
23250
17518
22250
2157
5855
1522
3168
3980
24574
19694
12600
20119
20825
9944
5165
677
15547
6553
4707
8636
14740
10419
18911
9793
20038
14381
4343
13606
14756
14527
24413
17315
6092
10679
18736
6039
7940
9633
18392
6129
9593
6963
13548
23977
18471
20725
4858
6935
2689
9696
19762
6288
5177
7382
643
5066
634
5755
20060
6957
5258
2865
17500
12351
21687
1758
19555
9836
4481
7031
16225
7826
23355
18723
15440
1862
8153
3331
14058
8286
23736
3795
22162
1833
12569
16667
20195
8261
6568
3224
10953
15655
5362
17318
17982
12669
16928
17108
14389
20622
11727
13984
24486
12654
347
20232
9750
14006
2489
1083
13831
4805
22023
19331
8930
16546
12334
20232
15779
2758
990
4262
7574
3846
18336
5612
18812
24076
6443
577
20238
11208
5933
15175
3830
3445
19465
9360
5622
10782
878
8269
8809
6962
3913
8250
8855
15743
4424
7020
18831
10770
2673
8238
13939
21009
20999
23347
23729
8964
10301
12596
18944
11348
3688
14495
22187
12467
4114
6168
17937
14838
6526
2493
18052
18748
23386
23212
18031
12854
5311
4101
19460
16452
22861
16188
2799
18910
2315
24780
19405
5971
5805
388
18400
14204
24343
24098
2082
7844
9619
3901
14814
8396
21222
15809
1797
23939
10607
8986
14843
14099
16183
2931
11571
21093
10825
15338
10056
24311
23921
8124
3414
14044
1017
13697
12422
9191
13799
18114
8138
24036
14963
6036
22198
24283
19608
8734
8793
23774
11555
12287
8055
24133
13982
21212
17627
9241
6238
6029
11104
5615
1232
17869
22797
17786
7
7611
7302
3494
7366
21501
11339
9866
21908
11673
10212
2054
16639
11302
8613
6166
18413
1195
916
8806
273
7780
10621
17548
13360
8559
5344
16911
16075
23292
15551
9156
20168
21865
5240
15778
8832
23756
11242
7933
20948
10568
1417
23074
22800
21452
4026
22353
22728
5154
4852
24191
13565
5867
22902
8247
3769
14436
8178
12612
12781
8422
10277
5397
15408
18400
5392
15772
13172
22531
10376
15187
23659
18843
4703
5629
21540
5150
9234
4913
12767
23373
13930
5061
8687
20359
7506
16465
19144
23793
13685
24407
12521
4507
9160
6375
18318
12830
359
5931
23375
9728
18982
24755
11998
18634
17101
23219
1333
4130
37
5776
4710
3391
15941
5866
19055
13340
13976
7424
24171
14050
16550
7715
3277
5762
20937
21685
3526
23424
22156
1991
7159
7372
16147
13956
3815
3836
5256
22597
1084
11163
11944
18587
11144
18812
3010
5802
15579
1548
12244
6087
8017
1223
22749
21303
7767
15199
11958
2730
3483
24377
16141
11497
14364
21567
8926
9096
22975
23330
9308
18144
23302
5158
9149
16081
14384
346
22065
3649
19793
5861
24471
14872
13831
18391
19548
11587
17823
15240
3873
22861
5740
10879
21000
23427
8223
12476
21028
9469
21396
4668
21679
14256
15752
23488
14561
10961
12337
22734
14814
15364
3558
9860
12257
18256
3889
21478
15843
16285
12996
7912
58
24740
14892
14582
264
19817
13077
6299
23523
19585
8250
20630
22557
5355
9908
18141
2761
6064
11571
12446
5802
5864
5894
21901
15630
6087
4510
1301
12994
10029
18734
22608
17437
7406
2320
24999
117
24923
22008
22078
9547
1515
21042
9305
16361
15109
12442
19682
1510
3412
2385
5483
9800
1828
18818
1172
4955
20601
16684
2234
8340
18344
4029
12001
14984
5186
19259
18053
19513
11110
640
4380
6507
16423
19888
1365
19313
24022
2384
20734
13233
21397
5146
1067
16279
4935
16339
20492
18380
15229
18956
15147
2908
20676
22516
213
5444
6774
23331
16999
21179
18449
10013
24801
12449
21452
7178
1457
19496
21194
13059
17025
5999
6433
6076
14973
11509
23494
6952
15593
9674
17245
6935
21628
23241
24755
16426
14433
5202
8016
11429
3819
2437
2361
11208
7949
8730
5289
16358
1666
3604
12639
10911
3968
3926
10471
16583
11
20552
5533
12432
2761
11082
10691
19464
7521
16166
19339
17681
16398
24285
9467
5293
15379
15481
20603
5104
12672
11655
20472
6021
13887
21983
24408
5430
11863
10498
16965
2594
6667
20852
2259
16964
7726
9676
17658
11809
14749
9630
10821
20933
2808
3906
15031
21621
13919
19317
5168
2360
13101
222
21943
21892
6451
9629
24635
20717
10994
5109
13435
13210
22311
11661
857
1334
9299
13933
24208
10536
17726
10012
11224
22298
24327
24578
9671
10970
23462
22596
16087
16567
14028
23524
13250
3046
12217
18978
8148
21664
18658
1404
23171
6315
16352
7203
7257
1485
20730
7895
9011
7270
19589
9877
4978
3357
14262
3877
22389
15362
18032
21591
16270
9943
21560
16799
14841
3303
17319
23276
22112
17993
21694
16616
2214
7541
21220
3941
16436
19374
2828
20964
22446
18761
23645
5052
6507
2150
20962
20450
20345
11647
12634
10950
18572
14215
11579
1527
23340
3421
22885
6459
10213
23055
17618
4644
6365
8906
15982
6460
14478
1633
235
4372
5386
3626
23633
2269
7561
24275
2230
21588
12616
18586
22049
11556
4115
10930
17030
7565
17027
14139
10362
6771
17884
7481
8681
8223
9121
2377
9162
22258
4971
11883
10217
1165
9241
911
10615
4478
22885
15383
3110
4875
12632
10621
18190
7654
10640
22898
9380
100
17811
16959
11096
8674
414
4337
4395
9724
16093
17265
1843
2423
13851
16456
18682
14269
9480
6667
22647
7385
12014
21559
17700
20118
20727
23834
9022
3131
4339
1580
5997
19672
22084
18219
4059
2627
6508
1021
3686
18687
5725
2539
13418
17088
22882
15195
4780
1293
14978
6796
6021
9013
1117
8821
11932
13181
14338
9207
7518
5888
10425
1226
6170
1509
10724
21948
10929
11747
23942
24564
8798
20049
9631
23985
18181
13433
16152
16421
21599
12194
17561
7561
17315
4564
21012
19805
2326
12310
21072
17136
3381
2007
10820
16435
4453
2576
17775
19640
9972
20374
1448
7631
15767
9318
702
13931
396
6045
3212
1174
4694
10373
18128
6919
12014
8987
20667
2947
3484
8199
22381
1486
7066
10999
17701
1083
19909
17273
2846
7260
9939
5072
802
24407
5385
8359
19520
5527
15439
12900
18481
11812
12221
2846
19299
21878
11266
2638
13148
747
14967
9089
939
11214
24496
13401
7544
3582
16268
16017
19622
22065
20248
15812
1864
4416
7181
849
23442
12107
14977
23556
21288
22227
10298
16009
21078
8234
21875
3136
11566
8721
18488
24071
17211
7582
3104
3186
4072
12513
23909
22365
7201
11117
13196
20798
8761
13013
14742
2444
19494
23310
3458
15321
24015
21632
11282
11620
14893
20458
24373
14856
20050
17826
22972
6351
22107
14097
20388
14703
6733
2793
639
17303
11162
4967
7833
17312
8675
5200
13285
15007
11494
13777
5264
7418
1032
12006
21176
8073
18015
19166
17211
12445
14313
13742
21740
9370
16259
4438
4842
2134
10970
9029
9615
12478
7034
10392
3226
2495
1541
10560
5172
16444
19124
10609
2073
11303
13525
17737
13182
10293
11775
8061
6817
5217
23749
6445
23239
19404
6042
420
9034
416
12101
5215
5799
12613
6059
340
15859
6091
3679
18830
619
16744
724
7762
14941
16388
2513
6844
769
7396
6432
1245
8269
9823
14266
6653
15307
11103
8747
23815
21152
7023
22328
12217
2127
18926
24663
14146
11424
9766
15956
20929
19793
6914
17520
4937
21074
14279
9924
8147
7067
18488
18512
23349
20357
6832
22097
854
9264
1175
8047
428
13964
546
1627
3553
19125
16039
3759
23932
7303
5170
21225
222
14694
9416
22990
13464
20536
23128
24887
18496
23297
2924
19163
9963
2887
22009
16033
2118
7520
21979
2929
4543
13098
24489
5405
24011
24386
24516
11597
23016
1380
21480
22820
4680
4946
13969
7723
21602
4593
20894
11056
14745
19747
17947
24958
4074
23906
20581
237
2194
12627
2119
12536
1776
5617
15879
5467
13090
10395
21853
7740
20895
18485
14172
5091
19123
14026
16237
12674
4272
12845
7198
16058
390
22996
18746
1293
5974
4693
23064
975
19069
17866
16258
17009
3282
3195
415
15444
23851
3216
11002
4315
15426
3892
11055
23683
22008
14625
12286
15259
4899
14110
14337
15479
19347
17045
2204
20732
11310
11634
23444
3413
4715
19796
5226
4554
1871
10558
8438
22299
1330
17082
8842
22551
9980
18683
6887
13841
13328
5990
14649
7995
6581
9719
10099
5182
2901
973
11817
15242
9100
4997
7562
20286
15067
15563
3346
3239
20541
17358
2073
8814
4121
21043
16519
11491
17325
23684
19831
9331
11235
19463
4638
13786
2774
17082
11077
24050
24864
17292
15250
11408
94
11907
5068
22600
19133
21545
13180
21385
347
24296
10412
7899
24390
14100
3864
23428
24256
9974
9184
5541
4314
23340
6725
3196
9487
313
9500
12477
19951
24451
24542
8375
24515
5638
1793
15373
16607
10464
4776
3870
20764
11307
17351
11974
22173
22142
18385
22215
18291
10815
8146
21250
20284
976
3009
11669
13432
13635
21457
12595
23346
24120
8152
21563
6059
17147
22376
9140
3354
12083
8031
20430
21751
6936
15372
13610
653
23456
4369
17144
16574
20986
4121
1579
2732
24375
22921
3942
18382
16547
9521
20565
5753
3688
1673
5674
20087
14730
22235
23981
3596
16960
2238
10240
15643
13680
24578
11165
23343
2600
20848
21411
10790
5126
10178
302
10101
21598
4648
10776
6918
17783
271
13073
5477
7705
12133
437
1893
15999
2370
1744
1499
8720
12125
19747
22689
24396
18698
1386
6673
10381
8629
7801
4437
8733
20098
15118
5868
5655
1390
24506
13330
17947
8865
9773
14092
23843
20879
9425
23812
12584
13936
19275
616
10715
13745
21016
14750
19091
21296
24043
1479
7145
8840
14877
18928
564
11619
14340
17837
10897
18201
24747
17981
21555
6957
20582
18344
1842
14853
23224
20120
22255
18059
13288
18086
13295
22740
12864
3196
24571
13159
3429
24097
10847
2087
4972
9137
12575
11957
501
4577
977
15619
20408
22002
21634
11326
7730
15550
21612
17753
10575
8932
14742
16381
13459
8133
956
17733
11651
22746
18901
23967
9748
3756
9189
3835
3449
559
24858
5638
11408
1146
16868
11601
24402
4742
13419
12784
4261
8438
1024
17378
19290
19459
23138
20786
17772
9558
6819
22640
20936
20460
23759
5750
24101
8784
22330
3350
5443
20222
56
17051
10729
10517
5700
9729
10891
23120
8260
9719
6980
2997
9128
24288
21345
18991
18248
21852
10354
2164
11670
20196
19437
18380
11893
22394
14420
21568
24791
5685
18974
21993
12786
24100
21766
14634
14667
6178
11172
3342
4814
20789
3661
15675
11864
3558
5940
12865
22416
1799
17787
10633
17414
1742
7154
24674
12729
351
19099
14729
23408
13780
22887
24085
10842
9330
2236
5839
23555
8971
19799
3516
4802
22220
22276
3782
13760
1769
9805
21646
12509
291
9864
2987
1384
3512
15437
3997
3205
10049
23889
5637
1307
19466
13298
22343
2201
16807
14692
17644
6153
5488
24592
3189
21945
16241
15082
19759
16317
13382
23925
16127
21839
20201
306
18033
4491
18268
23717
22838
159
18682
23429
19115
12781
3495
22305
10430
12
11560
21404
11979
21055
1699
3850
19935
18382
14750
6050
17549
7534
15443
8266
1762
476
21669
1417
5735
412
9113
5616
14983
22866
23473
23309
17703
2467
22288
22844
4792
21073
14397
5134
18979
10980
1852
24949
4898
8280
4226
9128
12633
17647
4794
22004
21178
22049
7423
11385
5685
18110
18925
5933
739
18422
1423
18402
19365
17146
22182
20551
13696
21565
10096
17002
18378
17769
21114
3568
17714
5704
19855
2828
1825
18134
3358
6907
22853
20562
7553
19425
15968
24817
16577
23307
24772
2241
9030
56
16093
428
22207
17150
10890
19330
9900
12057
23437
14091
5562
18067
20720
14257
5063
15514
5438
4173
1236
5255
7437
17356
24632
2830
9479
10664
16881
1341
3326
11002
13427
19825
174
23195
3550
1735
8521
3271
12384
17697
24117
24840
4789
1302
19244
4171
13279
11877
22346
18131
14882
14958
11273
9755
13094
6635
23881
23351
17190
14524
10690
15443
11494
6712
14625
4593
17243
2756
5219
17172
1410
2024
18755
20730
16599
7454
22748
12805
5733
13431
5931
17418
13508
23512
17525
16479
22008
11983
13528
758
20398
16251
18961
13288
8807
12507
21904
1230
20842
2246
15664
10752
11091
14381
22944
23651
18917
17656
15918
20010
936
7550
9415
18226
10642
15622
19108
24947
24468
22754
13085
16627
906
1219
19229
19748
18809
2274
6844
23620
19557
6983
17344
10823
17947
21743
11861
18406
1831
18564
18526
10727
11383
19737
15540
5008
12713
7835
7285
15955
19908
20982
9189
1372
17048
714
6174
2952
5981
24363
7977
21457
23327
5428
10295
1995
20600
20822
15607
24985
20627
2035
3798
21879
8075
16536
16589
9467
11733
22912
8840
18446
4724
11834
23602
9738
2234
14747
973
15697
8730
15303
9193
8659
4681
1320
792
20191
19646
5537
23046
5473
14656
3537
13555
6200
24787
21454
959
18938
15934
16818
3042
11947
19551
9819
11086
22425
15347
13223
15336
16180
20647
5517
5960
15190
19805
19483
18574
21225
537
8705
6406
270
15820
24970
14664
3039
7656
7390
17456
5408
8838
23180
17146
20644
9493
20011
10167
19303
5011
2673
356
18379
17065
20680
24966
6168
9570
12484
16
5894
14880
18300
21148
21842
2480
14334
2210
9216
11769
21828
14792
12121
16763
17987
3792
20539
3558
5066
20728
8639
23666
15499
1213
24745
1368
22137
3218
17876
9201
17361
19697
4997
10265
5327
21051
4902
11490
9697
13809
5173
15585
5445
15659
21233
13216
7487
6479
2022
5765
9837
19770
10939
22575
15024
4845
438
14647
4255
11656
4631
20711
9184
14714
13591
7246
12626
19213
375
17191
22921
16403
9150
15502
22687
9264
7071
13780
10934
11972
12829
18234
10913
20467
2127
21167
806
24453
11823
19924
13136
5337
6444
24666
5633
20864
16401
7937
14707
627
9962
1605
5633
16801
9116
19497
21250
16682
19650
15810
19973
1449
10669
6677
14995
12873
673
12532
17840
2051
18304
8430
22294
10289
6493
18454
2157
22565
10197
12238
12964
8828
8759
23833
9941
20594
14207
6511
19336
18335
6509
12293
4121
19578
3514
22386
19930
22121
21213
24024
17337
23375
1678
2460
268
20010
1907
14289
5738
7660
18316
11159
23103
8838
23836
20580
5452
5413
23470
3925
8639
9712
14551
23965
3519
11718
335
16435
19489
924
17421
1259
24062
24643
16768
10583
113
17104
16769
6580
3970
16195
23304
2809
2112
12611
11335
18957
16219
6709
18551
8396
12217
13976
7264
14126
20792
19627
429
17838
18406
4190
16825
9806
10786
23916
202
7953
16691
970
12772
6370
21920
29
16660
7424
7786
24450
7319
21585
21796
11222
15288
21420
7371
15446
6397
7867
9360
18539
20221
7621
3837
20252
13066
7310
14201
24419
12371
11058
2268
17668
13777
3111
8340
16501
6303
10828
24723
10012
15254
15653
20390
10485
3769
17991
17691
21927
10149
24626
13944
12185
24942
1392
12997
21684
3100
16492
18089
10818
10042
1120
3809
255
21327
17643
9775
11102
9939
3098
3204
17461
863
15399
16347
14055
11389
20402
24426
11529
666
20817
6503
21870
9892
12542
9760
18029
18611
4600
8586
20540
9748
13582
19492
2240
6652
13477
11838
20039
18261
19050
14365
23103
9256
293
22193
9087
3963
14452
13897
24469
10788
17342
11256
21245
15723
5218
20964
23345
7944
22581
6377
10234
14689
22189
11753
8807
24517
3031
5165
7568
9241
17042
20774
299
14778
18704
12682
17998
14142
21011
4650
7789
270
2434
13859
19069
7750
13189
7504
1163
15858
8237
2673
18793
4247
12600
2620
2541
19459
14455
15438
23149
6626
1915
6397
15437
20979
17588
1592
16181
15507
7199
9474
17645
22253
18599
3404
12056
12018
20284
20481
7448
19433
7480
12751
19685
24671
20820
3949
19239
2134
22736
20396
3021
23101
9176
2372
11752
8683
17904
3073
15963
3586
13848
4250
13168
7330
18916
942
10939
11000
6412
20056
17070
8590
2607
13528
12283
13413
13305
23608
23359
6419
20229
14031
4291
15486
8432
16696
14343
6000
22097
2184
10711
9225
21839
7058
16455
13878
21766
22855
4176
15032
10186
24496
6534
9980
7329
22778
20327
8819
8238
4256
20064
20579
23189
17457
13837
8677
24087
11802
6542
14653
22634
22079
20394
24746
21815
4172
7677
8990
17565
4726
20679
6005
5432
1795
7031
5110
437
961
13849
7230
15578
11752
13504
20304
3639
14445
7362
22141
10678
4210
18241
2335
16726
2507
8609
19269
16378
8936
5485
15412
9746
15492
12244
4374
22670
24302
15249
18414
18261
4752
3731
5454
15380
4029
12099
11592
13706
13114
2973
18997
23451
3405
12082
11998
4207
1505
330
3957
13001
8990
20403
18519
22751
23244
19092
16467
5259
23572
9082
4927
2199
9439
3984
20085
19547
6106
21059
7087
22668
5272
20889
18308
9646
5095
16936
14789
11218
1565
10200
7823
5648
17128
1626
23097
3146
13946
9529
10941
23678
14536
17592
14842
13614
20304
23550
5395
8938
24421
10113
9649
3157
18071
19925
144
12239
3253
21022
20330
5466
9241
12116
21012
4834
533
8279
1818
14060
15331
12307
22728
24866
8241
10108
1009
14533
20118
5747
485
7879
18325
23694
8971
24381
15876
3851
24397
18814
15778
623
13668
19518
19459
15820
2772
18005
14024
4992
543
13063
14189
17198
3375
21373
18688
9941
21383
4223
9547
17560
3145
15976
7060
6029
7199
9571
20763
8557
22627
6876
19792
3374
21888
5630
15405
20046
17049
22697
12047
10406
1328
12046
16361
17611
1736
10457
16098
7660
9300
19493
13091
9900
22856
11002
13808
5928
17380
9162
2084
1514
19988
13992
1328
9141
1640
17079
15255
19369
20304
22600
16455
21184
23257
1412
733
475
21639
20112
10778
16057
20153
51
11915
941
721
7576
8208
1345
23543
5560
22463
6844
929
13516
7275
23113
16550
15077
6264
3359
4880
14543
22293
3715
4454
2372
22292
15170
20544
4385
23852
12768
8707
20838
18411
11570
10242
16599
8456
5718
14548
12556
397
6757
17077
7704
22026
13703
13241
11519
20789
4406
15483
23515
14497
21517
10337
11448
14280
13517
18055
8545
11609
21355
3407
14588
4691
22735
18624
21354
17289
10977
11380
22750
10594
18514
3347
3624
11519
6680
16235
19986
1034
20305
23833
5800
22835
11587
20497
4252
13417
5720
18523
13336
22398
6034
1582
9615
14588
3073
3777
22056
21869
8880
18143
16036
1657
15859
23661
23966
17835
13782
19556
9240
12304
19011
16192
4966
7061
23039
11817
23317
16544
23164
15065
23967
14598
19631
12152
19793
21363
2701
23407
14642
22094
9068
22262
20590
21963
22838
10442
17893
23785
10016
23438
23723
24752
14246
8272
11983
939
22965
256
13476
16411
17647
12998
5362
17823
4370
23104
8619
24765
17904
5680
19886
13871
797
23262
21521
4609
354
15803
14339
525
10660
22354
8809
10528
17684
19838
21777
19673
19664
6494
16849
20101
20232
16309
23076
10457
301
21253
464
8413
18996
2508
4606
6160
20259
13577
7351
4605
15803
13553
1195
10534
21543
16898
14962
12215
7306
4704
17773
16984
6405
2204
21265
20472
10161
17428
19223
11779
7970
16738
10115
18796
18324
23830
4546
14286
8476
15663
12059
23837
15393
5682
12021
17979
16324
22461
4561
12893
24729
9376
17698
22988
16440
9096
19167
10128
20641
19082
14928
14106
22019
12166
24417
1709
13428
14822
13558
10573
4131
16960
7102
19431
3958
15824
19957
5355
18831
2160
4425
3570
5150
4890
5012
16231
17826
8618
19981
14915
11184
3767
16147
18101
12197
19200
12543
509
22856
20294
24250
1509
22117
9375
15009
7492
6913
12799
20968
12288
21363
8555
2950
1683
18923
7228
1435
10221
14572
15327
5569
15462
13051
20383
9579
3834
6695
7413
8535
6898
17375
19610
18404
18126
7138
11579
3234
22898
6919
7772
9301
5055
23066
19793
5625
2835
17974
638
15989
14595
15829
17622
1385
5014
12354
6594
16535
18568
15353
4605
5015
9867
2269
18862
4691
9961
10677
19433
12468
21410
24031
5937
23325
1369
18019
4361
18857
17959
2251
23787
12310
13662
20562
24485
23860
21712
15557
16218
23887
22337
21939
8630
508
11600
1568
3358
1565
13107
257
21446
1939
12763
18504
4372
14816
18128
9854
660
21409
24657
19878
23186
1074
13873
1924
12567
11929
17392
11069
11392
15068
21470
3231
3849
5979
9440
14873
1365
17017
1463
22982
207
3236
12040
17645
21668
6248
13599
13380
9050
20747
772
3720
7471
20368
23896
9017
22963
20074
2596
20282
1383
13176
1898
22885
6541
7709
10673
3839
1195
20339
10228
13082
13196
1927
22802
17641
18141
9150
23902
19623
17176
5841
2942
13768
1787
5027
21021
17170
11096
20176
4427
18468
268
17091
9205
2553
18913
5239
23106
17212
15293
3225
11721
18281
18023
18309
9077
23601
16508
24575
24096
20533
18031
13954
22957
18835
2965
24118
21668
18377
5494
229
9725
20956
17969
5355
24447
9576
7425
14183
16508
7952
4930
6744
11604
11956
2302
9579
6747
2316
22807
22774
16941
9080
4150
15797
16831
6935
12103
19422
14153
18987
22569
10338
6174
2198
8504
5339
20526
6508
11339
5598
13586
23655
6495
13350
7469
17796
2000
19227
8277
5238
6066
10648
8378
5708
8858
15728
23913
3339
9466
8978
9501
2259
1800
8735
14615
3370
457
19273
5610
20660
20431
11981
11707
9324
11902
3458
22333
20625
12869
17745
527
15048
13702
13609
8577
12710
5248
16909
3033
22179
6856
24572
7713
2068
9605
16006
656
3659
11798
1539
16791
14035
17541
1105
17752
14034
13582
12308
5477
6926
14559
11316
6062
10141
3855
24104
3956
17718
21092
16021
18097
2136
300
11281
18866
19372
21144
24072
12750
13363
11123
7490
16014
11932
9727
19334
16334
14209
19648
17620
22085
2916
19013
80
8302
21880
5288
21603
4759
1451
23964
16627
15070
12783
10522
1214
2932
17319
941
14898
21030
15234
7907
22137
23695
24910
2423
2055
12546
23183
2718
19927
7848
2980
24927
9899
178
6659
10553
1859
4312
17567
17596
5765
5433
24476
20868
24380
16506
24408
15382
19644
21582
15848
17043
14966
7927
5881
7739
3834
10638
3572
14919
19980
1912
14558
10003
8326
17058
11776
17894
4710
17655
11743
13666
12102
1764
15271
11065
8239
8840
7352
23513
12272
18145
6376
21357
1239
6368
10391
12053
18835
24060
5442
881
788
21183
11789
12661
7301
127
9290
1661
12439
16021
7968
9622
10626
3412
8307
2537
1986
19332
9757
10258
20970
5472
23129
13440
19226
17286
2797
24151
11654
5835
21130
5541
5678
1319
12498
20004
8273
14354
21343
10232
24441
21076
12635
19820
18371
20350
23255
1816
22021
3871
18759
14277
14581
5407
22460
9432
2776
24639
346
13877
11781
16750
17027
16154
24353
18509
11686
5776
7714
10662
15654
23369
21464
18067
5174
17249
14848
16967
10603
13973
17890
2480
15351
18622
21421
20767
12618
20190
6117
16664
24667
6124
20555
5878
18019
13295
23575
8488
20638
17720
18346
24501
927
3747
10515
18064
10467
17358
20548
22586
13514
20992
21734
3079
21283
12546
643
3459
2369
23268
8812
14150
12167
8066
18199
19388
4717
23900
5787
18189
6950
11952
5394
12504
9203
11660
22220
16380
21230
2955
6982
6600
14761
4680
7459
15423
4964
17703
15278
11423
14954
18045
11805
2766
20993
10436
9356
2759
4112
19499
11465
16232
17463
23925
14767
10084
21675
1500
15091
16851
8614
8992
1199
16011
14727
1166
4826
23079
13003
1259
12707
23679
11714
12312
12317
254
3421
22101
13557
15331
12261
9252
6008
22181
5475
3928
22582
9788
5823
17095
24969
10973
6859
4779
4448
2759
716
8047
1049
11229
19753
15700
2746
12405
12680
6792
17149
1610
2302
2012
149
12185
7424
17224
8117
3662
1632
24725
21343
16246
4514
8086
6588
9744
22198
13810
23904
16174
3039
2903
7438
6199
8246
8892
6747
9111
21
10095
19033
20387
24325
15261
16278
22506
15108
17442
18245
4724
1951
12163
18932
6184
3934
4712
21448
2702
2886
20795
3618
12077
1768
6992
9187
22087
8088
11185
9891
230
22449
23782
13501
13673
9228
14273
6606
12904
10034
8368
1353
15951
10277
13229
16650
20082
23258
6660
3533
21991
12990
1969
4947
20181
23520
11289
18785
21537
13642
13343
23575
7258
230
15275
15728
7912
19039
21323
17522
20986
3745
20343
10431
452
2312
10212
9119
17692
1886
8905
9565
13124
18951
14444
7363
4864
15443
10687
13683
6439
4325
370
22262
4694
1251
12232
14220
14529
14472
18277
13563
19737
5083
22247
23983
8054
14567
10611
3171
22354
21247
13220
4819
3653
8118
5685
7754
1604
11559
11861
22572
23618
11212
15191
8066
12973
14553
7403
8627
992
7242
21683
20700
20718
4427
20384
19925
14335
24725
879
18497
24050
14079
9804
16568
9759
6136
9910
23481
24723
19519
15409
11014
2234
3090
7310
3179
2397
24985
18122
16384
24058
7401
19071
8417
5456
2214
20233
606
2176
22783
10493
10810
20549
9525
1331
330
5119
2224
2858
15793
24806
3978
18779
18499
23892
8480
10929
2680
4522
13154
4377
1317
950
6964
14926
2862
22127
724
21970
5201
22781
8302
21095
5259
21383
23739
4893
1634
22670
3874
2832
9212
23219
354
4678
21088
2453
20497
19139
5613
14435
17499
15863
2472
823
17576
14682
15819
24392
12499
18562
11539
18868
2410
7798
1772
13013
19190
5282
22024
8220
19462
8203
17145
9471
14100
3139
19666
6977
14812
11725
403
7847
8100
13320
2783
16654
19612
15292
3428
2195
13846
1656
5786
21210
4752
12338
19035
15369
12043
23569
7509
18146
9009
9871
12861
12615
21156
20827
5822
18164
17626
21329
1354
518
7325
17089
1345
14154
18428
18252
4355
21232
12436
17502
23148
12205
11412
20401
23556
6803
17656
23804
15815
141
23615
9397
16459
7290
1588
24841
10646
15305
14240
8871
6093
2138
10918
7420
10907
10836
23534
7513
17629
15196
1343
22445
4869
21951
6479
1324
7833
17228
15098
12303
3443
1788
15820
9624
4799
12248
5310
17194
15947
3550
4073
22904
6320
17608
20084
381
17237
9389
10072
9533
24245
15763
7243
20607
22285
8202
17978
8700
18304
24203
20406
4011
16948
8531
9822
21028
9032
20170
14601
98
15409
20687
23746
8082
16343
1830
11190
17411
5662
8897
15446
7697
6530
1455
8025
501
17228
4571
24657
215
9684
16883
20987
24811
14116
17318
20464
24349
22452
24576
16374
8505
9107
12435
13069
13956
14703
22159
18820
12080
9573
17987
20537
24790
16387
3983
20743
8251
10831
14223
23491
4183
3905
12279
2086
1491
19291
23586
1975
20078
8806
2275
19547
21050
24050
2036
8636
4459
9623
11534
18200
14041
2927
9136
21145
16420
13873
14390
24820
21613
274
11701
19277
12458
6202
13445
478
24445
20787
14047
13529
22618
8076
23079
24544
5011
10082
24208
10775
7292
3667
18698
7974
14611
1368
14612
9932
402
20884
9579
3466
21759
24854
15732
20167
11105
5183
7079
20760
4463
12176
5421
7460
8470
12552
5323
5146
2496
21380
1377
12385
15451
22252
13554
5322
16169
19333
11701
21696
3518
2971
6540
19677
11717
14901
12829
4998
12636
7129
12524
20025
14732
15075
8085
6956
7769
2430
3568
9939
14661
11605
10702
10186
14433
3987
9540
5924
13266
12627
6729
5405
22382
9139
13057
4219
14810
24375
22261
23665
6996
21713
12156
3235
18469
5746
21293
3304
15996
18436
16319
14673
19765
6280
2201
23130
11526
22614
13500
21659
14275
14466
15459
14316
21032
17059
2591
15017
7382
21006
1739
15058
12836
23782
12419
606
15507
444
23623
6997
7127
15382
7102
24707
15836
15954
23363
619
11013
54
2280
19561
167
19974
16616
7511
1000
126
20049
22358
18245
17606
6927
20694
1418
1765
7285
13803
17351
9227
21924
24349
18011
1341
3009
18037
4247
14045
23059
6569
20132
3553
10881
7826
22315
13351
23013
8879
3290
24331
24745
18123
12808
8551
23226
21709
2665
7705
9706
11970
418
11423
19418
13933
19974
12961
20103
24590
13873
5351
7022
15829
20018
18455
21363
15650
2963
19420
12401
24256
19667
20473
10863
22743
7206
12880
12658
624
22785
1855
20426
10438
13528
15419
1476
10665
9845
3974
2662
433
20796
1246
11151
3968
20837
5807
4126
5822
24688
1201
9483
16579
11170
18790
15004
21252
9842
16032
23904
1720
913
13962
19303
22623
10704
21349
7133
16073
11112
18958
8939
8642
24691
7742
5713
7463
23860
24988
7761
3672
11440
23014
16219
22127
17454
22729
20149
15724
1814
11892
17027
8881
8599
8176
4650
5781
6258
1903
24616
5593
17044
1352
4324
3015
9496
24852
2090
2736
4957
12190
5678
15825
5195
4468
9464
16444
10130
5345
12090
11314
16458
9637
19535
451
23216
15586
12810
3059
3244
11226
22211
17498
18240
20425
24158
17147
3037
4384
21733
20060
2976
22275
16795
8708
8493
17264
11259
947
6327
841
13708
20403
23833
11558
14290
22795
24511
2248
18060
7478
17707
7967
23867
24150
6535
21789
17008
21110
21459
6334
154
1472
19015
11834
21174
11870
18849
7912
14333
19918
16682
17117
4956
16667
11107
10639
8259
5402
19874
12517
16757
19133
2095
15827
4864
20565
2619
13446
15117
9386
7823
6366
5864
10066
9279
20012
17692
18224
1530
8753
1873
6187
6260
8165
4391
4796
11100
10227
15996
23945
19195
18134
1908
3813
24481
12656
186
21073
3743
9271
19331
18739
21668
23715
2252
10920
14408
5849
11732
23609
4097
16214
5806
23374
4586
4921
12610
6130
13392
15854
16461
1334
3613
3729
16867
4925
3261
24840
15056
23189
2663
11442
3974
4115
9426
9563
3613
23933
5773
5796
8000
5279
8939
22894
3208
5204
17025
668
20011
11130
23608
23218
6740
1639
10869
24762
24089
2250
8874
11962
11752
13464
4654
23719
18526
11638
4290
14868
14719
8061
11175
12933
21786
23012
77
8373
11590
15537
6018
23964
22832
10008
5710
4807
5715
4225
9954
7548
7149
2519
13514
954
17396
11843
8917
1030
9889
9512
15537
5050
11789
20186
7145
6510
22571
10845
3778
23857
9340
877
14919
3175
10260
23031
7828
22800
1157
15909
11605
13768
10629
21317
2055
4868
10018
19706
1186
2581
20562
2067
5829
15679
19611
22152
10037
10458
2947
17690
4105
11343
19706
8537
2050
7623
4058
17833
81
13079
6884
16946
18131
16150
243
10168
8207
1746
4008
24626
10600
1436
20132
8435
6190
1919
9735
17451
2494
1660
8530
12407
22843
1753
19673
8149
22048
5352
22873
23646
2008
24050
4769
2297
17217
3846
6798
9634
11167
5159
10642
18082
16848
9630
1071
15792
1780
7251
19032
6523
20625
14298
20856
10820
4141
13746
11285
7038
5364
9484
5765
10613
24941
10783
10971
1086
8984
1133
23616
19357
13759
10941
17265
24541
5789
24780
20089
9933
3007
3438
12164
12086
9571
5975
24289
18726
5425
18537
7189
6441
20717
2197
20727
4492
483
6007
18466
4630
8981
7328
2986
20098
24001
16576
1589
17676
16854
13699
5350
20083
2091
19655
14041
3214
2451
9168
18001
22869
24877
9307
20259
4344
5118
14429
24332
23648
24690
19993
22371
15969
324
4260
21432
20298
13577
21501
7605
21641
18941
19387
12043
14454
7102
3380
15353
735
8934
2290
11314
22137
8207
5477
9463
10202
23976
851
21509
10201
24324
20129
4925
23393
16836
11798
7068
938
23471
15582
16418
20964
14051
8145
23688
13648
7736
15892
8861
9487
22677
24374
12902
7959
1906
20763
5192
2366
7915
17886
5968
7164
21895
13519
3050
24870
21467
20354
608
1498
20757
2683
925
9387
19491
13851
11774
9541
20132
22946
15633
23830
19768
20692
18982
4734
8261
12470
4672
14173
14782
15472
17484
17479
14403
7407
19866
14798
5679
15517
19571
12152
5016
11512
17446
7366
23203
19133
21526
752
3377
24049
6831
14290
12368
23991
20714
19431
22804
13449
1151
15645
15020
14284
7054
19602
4916
4668
16212
14690
22192
15351
17964
6353
9358
4682
10525
24966
4297
2799
5287
13732
13234
19392
14979
24239
21646
19358
3791
1734
21573
3937
14030
7492
17347
17783
20420
12501
16720
10596
3223
14682
13001
1709
9962
116
4271
15569
9362
18069
5534
13288
10591
3757
356
8719
8635
17865
1823
14704
24611
15794
7026
19375
14693
3045
12679
13686
8332
22432
160
22947
9052
13872
23895
3280
3309
4998
24315
10817
9979
2758
12275
19433
21536
23607
11281
1694
20108
11994
15276
14244
11296
13486
8395
17893
9213
13635
19690
2349
8226
2458
15531
23983
13484
7875
12904
9850
9055
20414
12378
13930
6521
15687
2910
4838
4689
7681
24255
21809
24502
22619
3385
14729
13916
22395
1461
8438
7774
3813
6856
17892
13210
9896
19316
1753
3685
8693
6770
22235
14435
19709
13092
3209
11086
10314
24713
11256
7405
4355
15264
20650
24667
13106
6145
7602
11749
8102
20439
3164
9357
4514
14976
6967
6685
9270
23218
6471
9148
15681
4891
6823
5571
21591
11773
20469
9407
11743
11890
18056
15126
8348
12322
6158
17021
5589
5157
16038
7419
15242
5187
23795
6324
23015
18586
9182
24545
5862
4880
1268
15008
8141
8324
6513
24669
1308
5109
19753
3291
3777
5302
19488
11714
10023
11657
13944
286
18815
21674
4225
21669
16513
9846
23983
16449
22113
24601
1732
5999
14726
6987
11224
5052
20215
18549
16195
21363
20439
17387
5204
8017
18841
5548
23992
19237
3253
21043
3531
4106
338
16486
17586
4439
20705
15754
5249
21116
9760
3871
7419
4898
2876
5125
15237
2755
18537
4904
4146
1615
19991
19225
9327
18858
19516
18450
18316
5647
8914
1158
8419
9678
7070
5905
3824
9494
22799
6582
6862
13725
21115
9346
6113
6157
15421
7607
16459
12603
22349
4454
19860
11814
20844
15588
8073
17650
4077
4215
18134
2957
23449
17844
23712
1297
21536
14550
2134
4379
7433
10988
22829
15164
11140
21364
14548
8617
14880
9976
5317
6878
11948
21629
6413
19274
22566
2639
22168
16429
22255
13855
22775
15387
15248
17191
6518
15614
16458
2089
10061
10211
15751
7008
21569
23941
22591
4388
5794
11134
21562
20725
19690
21580
9654
9790
20814
19804
8749
21390
10057
13853
8679
18680
1778
4408
19373
14316
22923
555
7527
5402
338
7168
2234
5508
20767
11543
11448
24329
8057
15477
21528
13262
19545
21098
24108
10947
24961
1239
7546
18618
21576
19008
24897
13774
13487
8834
425
19216
980
237
17451
12588
20891
15485
12034
5195
2718
13238
7929
1030
5613
14780
16385
18485
13867
24052
17863
18212
7620
6511
14312
18365
1449
18212
18032
17408
14832
24199
20770
5726
10861
3212
4229
20260
1479
21961
2791
2243
2473
18797
2054
14854
5182
13712
8794
9742
20800
1849
20096
8921
15315
8121
12795
19877
20198
11292
12762
518
8731
21370
11573
12678
15908
17472
20225
3717
16692
23366
8310
22100
9965
8314
3706
2136
377
9636
18299
17964
11546
51
24320
19187
23441
7434
1548
7763
21852
5281
167
8285
18140
23987
10910
20628
21619
13702
19077
13761
5868
14459
7122
18128
8555
610
23482
11657
13512
18018
16342
4380
2029
858
4567
3918
18652
15371
385
4980
15599
10538
4096
11847
14212
16576
12112
20104
21461
7918
7850
9230
19163
7199
15937
15719
17848
19826
8106
9226
6189
17270
24872
6605
7913
12518
5917
18232
8018
11144
13967
18353
9069
18441
1336
16633
19003
7174
16929
20398
8870
16327
10164
22996
4314
12120
10349
11777
15606
22162
23630
18183
10448
13601
11968
6196
5008
1764
16874
23090
5924
5633
8731
8881
2682
14628
295
4971
4026
20217
11215
14841
24585
22386
9875
7205
22500
7750
6061
6578
2061
23022
17821
16551
9116
21638
13891
5241
7963
3976
12630
20252
20330
8388
22939
14979
4374
11047
14402
22615
4770
18654
2648
19959
12332
15129
17547
10760
24790
5570
8137
12153
10069
23989
11254
12172
14169
14277
9916
13548
2813
20650
12015
22549
4161
7672
2416
11706
17024
24532
15851
21729
11669
13385
8791
7699
19139
18233
21745
1577
17859
2966
21525
14362
8976
24291
594
24194
3497
3656
14057
7751
2236
15491
7905
8950
12476
9626
24937
9457
20615
13542
10745
24106
17388
13892
23623
17425
12009
1859
18216
3156
23150
4876
22867
733
3802
5804
13595
16671
14885
10253
21938
18860
22180
4492
9632
7935
8350
12358
13965
10660
3528
20153
10652
10736
4934
22122
19218
11533
8552
12502
13538
17404
3651
2161
16915
24707
24730
17368
7931
6960
6761
6906
10105
8078
13090
23112
24197
8709
3222
21418
1857
10152
5881
15603
9176
6916
14289
15222
992
14387
4039
3428
9146
19312
14668
5767
24663
7783
10747
4066
24295
23180
10652
2993
23563
24830
18213
4061
11108
4287
5907
16122
9565
21125
5173
298
3047
12624
21170
16344
24395
17885
6507
18540
4238
459
4243
17316
16449
19300
21258
22583
20861
5976
16736
19331
2398
23917
14593
12885
416
19410
19027
15383
21976
12225
9074
9822
24251
9492
20422
24626
21710
12850
17082
19164
8200
22370
22284
12188
12400
4475
11581
19496
21437
10215
6178
20247
4786
23940
19835
14211
15871
19892
3946
12840
7072
2577
14896
6128
7904
6969
14662
7717
6488
9139
5767
2339
15459
21674
7271
5997
10313
20398
23058
7619
8680
22903
23027
10818
1684
22459
17399
1227
22461
14914
17140
5301
23922
4937
14464
14808
7963
23110
6652
19422
13503
13823
19145
23111
20144
17100
4496
24048
22829
117
13002
22240
18954
14124
7180
23672
643
24219
18307
13142
8695
14178
16519
21287
6815
20942
19813
17817
14436
15566
977
19959
9633
20909
23034
4939
11301
1168
15648
12297
23467
8608
21384
583
17312
8919
11698
3256
22914
20074
14471
13520
656
1899
13059
16826
15669
3609
15599
8598
6279
12078
22361
6874
1021
20174
8646
10830
9528
15007
10212
12990
18653
8357
24538
1028
1492
21056
9670
12533
24315
6785
12228
6483
18974
5800
7946
6006
11165
1460
14379
9369
24413
14746
19703
13416
14681
7606
12466
19541
17232
12447
7349
2606
5785
8337
23360
20543
24566
1370
4305
22696
6728
2504
18388
23911
16981
2111
2104
17726
2673
13666
19645
4772
14757
15419
8851
23262
4235
169
19190
1881
21160
3507
21746
9187
11088
13161
16143
5322
10049
14860
23187
23450
9705
9266
18032
6272
22607
20057
3099
5208
12309
1548
5449
20665
19981
10539
13659
4884
6049
724
22633
7478
11247
15387
5340
21179
2451
4984
13580
6102
7179
1540
23189
17372
12385
14722
18301
15111
9006
17233
5279
22025
21693
11080
6986
15518
4955
19388
5746
14351
6312
4406
3604
18530
6524
22587
14387
21966
3471
19319
18259
5334
1590
11703
1182
17470
8402
22759
3565
2822
11543
10638
7530
9409
19008
19088
15984
12321
6583
6361
23177
15915
8934
11063
6892
7827
5186
3917
16031
23986
9357
3591
15181
12257
257
18338
1910
7187
8878
6129
3127
255
22078
7998
24804
5410
5964
17383
8198
12876
18715
13313
3554
14848
18684
24627
9493
7572
16842
14223
17168
20745
10610
303
10956
12968
13746
5481
1652
2037
2546
18935
401
512
10396
11529
19244
408
18207
9554
5847
15975
2727
23526
21768
3502
13353
11185
19708
16115
18219
21531
6964
968
9382
16505
16359
19854
10709
16373
8487
15904
9584
6684
2388
20053
13032
22578
16316
337
19604
19031
17964
16223
19631
15346
5223
423
6493
15257
20373
8622
6274
15083
14652
16483
5087
3492
23099
4089
4867
20067
772
22294
4915
2528
13555
5173
5230
17220
20700
16746
4619
3538
302
14089
7114
15854
9593
13910
404
2806
23683
24579
346
19344
21018
20710
14455
3302
14688
12960
18197
12885
3637
14320
10315
14738
14979
8396
6748
9767
17772
18406
21549
17410
573
9260
14783
791
8096
18243
6036
8989
379
20846
22236
23008
19793
621
14238
19160
16086
16567
16158
14232
23478
16158
13076
9113
6506
18199
5151
5776
24181
7570
21408
12336
15827
495
12692
20817
23585
9627
13959
10762
2911
7313
6680
22377
13320
3569
19863
11834
5306
156
24475
19248
12085
16532
21453
20025
4009
19489
11780
18639
7540
2867
12720
3475
18859
7135
6491
1549
7650
21006
7062
15210
18631
21315
10635
22651
17676
16506
3341
2254
23064
18849
19348
17920
9556
23680
14488
13653
20242
10243
20868
2214
22375
10630
15291
4867
3217
2807
4150
18834
1155
10363
18253
23388
12361
5192
18110
12577
24543
10415
18501
23997
20976
20720
12810
8916
2801
1791
16358
20351
12045
12603
10830
22128
9194
7367
20834
21427
19134
22068
4026
12658
7127
22348
5154
15607
17125
5953
20279
16025
13537
22052
14060
705
2850
23390
21819
22621
18819
21878
21526
4771
19340
24788
6386
1820
419
12229
13485
8174
16983
2449
12364
16491
13886
4627
14345
3649
21865
23450
4101
20599
16657
2782
10360
14604
18627
14896
10299
4047
230
865
21228
16281
23875
20267
6866
15147
22256
7796
23224
13003
604
14198
14454
10455
16767
11221
23446
13994
15007
3292
3396
12072
12004
7395
8998
21757
12330
142
20894
1742
1762
24727
19791
21296
20609
18516
17214
14127
15550
22499
4982
4657
17810
19156
19558
19527
11453
6656
6228
17705
9042
15838
7031
13844
8075
7497
24614
12340
22105
13224
16108
2258
348
1585
6553
603
14161
20044
7179
11150
11615
21894
4410
2033
6051
8959
1850
6700
23617
20050
3130
19555
11757
6773
22054
6397
13156
713
21859
21203
17
17755
16106
16075
87
3516
15544
3720
12788
3176
1398
14669
24764
12913
13006
12435
223
10408
5134
5222
20821
18030
919
24920
8427
23758
13462
15380
14443
20346
21471
22740
5388
24183
22170
4092
18450
15043
2386
19311
6997
15779
22871
15095
5116
12417
21609
24592
5376
5400
20362
16745
15134
10977
8596
14340
360
16275
8718
6099
11385
436
22868
8749
14172
3868
21699
17928
9996
13243
4171
7490
6246
13093
12848
9344
18997
15453
2486
14133
4296
11981
24435
22045
16888
3206
1817
17673
16233
12111
3633
11965
23492
4892
1914
10539
8268
10243
24264
16340
24589
7909
15465
17995
21530
3571
4805
13279
18976
2648
16480
19958
15846
20844
5963
12610
12650
9330
17467
16076
18722
24529
2557
9229
18334
16859
20013
14387
9385
5084
19067
17430
19837
24007
19324
13046
13303
10343
17303
12450
19705
5447
17501
15924
3069
13342
21843
17744
13419
18878
17290
24382
14635
6420
3391
15671
2573
2513
7988
21500
4047
6321
12514
15508
1992
23741
1098
20698
24122
6027
6244
826
13138
5781
6917
22077
17310
12311
15016
24644
11062
13826
5214
16505
17068
21342
18464
22378
11905
16633
18431
13056
6378
1886
13858
18827
10828
8546
9527
17515
17542
12189
20894
9919
3677
8444
19287
833
8929
23959
15234
5610
18019
9758
1518
24105
24154
16056
1410
1333
21233
21222
23970
17601
5999
3857
22249
24965
24089
17170
23271
5519
14473
5637
16080
3320
3428
9684
6636
22867
23998
11193
879
17895
4774
4436
9607
2627
8543
21263
10968
217
5505
1162
8375
3515
8694
23779
14013
12130
19615
16259
2591
11090
7000
16177
21257
16597
545
17400
3220
19484
5722
6241
3106
18000
1767
9496
5944
24359
6444
23817
3770
17023
19575
22325
5930
1926
23939
14402
23564
6651
17066
24768
21575
18452
24501
15547
9734
3085
18428
1315
17991
8983
14636
24665
16080
15532
7308
824
23839
24609
17403
14513
2493
22652
24417
6326
3262
19594
24461
22197
4185
4380
12094
19834
16860
6250
10881
1700
20435
3861
14371
4334
15263
7595
11696
2679
8769
23381
2003
14993
13853
22950
4276
1407
543
1499
9791
4924
1045
23139
14122
20894
8057
1873
19851
20477
17089
12416
21899
10585
23976
24593
7482
14639
22328
23609
12997
24303
5519
10311
11485
8773
20548
11400
24450
19111
19268
17694
13787
7412
24712
10084
13026
19548
13389
8647
22733
14107
19954
14966
18109
4881
10972
21266
10859
20772
15149
8910
18741
17859
1187
18599
3454
18221
12032
10137
13451
3797
5442
22274
19593
8282
20859
17403
20556
17377
18160
10554
697
662
21998
13786
14669
2157
24363
19426
2062
18352
19691
16952
8587
15032
21477
5166
24121
17623
11727
13247
15682
12109
12723
21197
24942
3625
2832
22357
18022
17799
23294
18454
21681
4969
24963
19504
10344
23390
10538
8553
1163
148
19473
12869
23723
10804
3238
4784
19340
24226
20253
19441
3339
15216
10877
12002
20987
20359
24623
22841
19964
14085
20361
6310
8941
17117
12208
7768
22057
22524
3028
1994
13696
8706
5213
23331
8956
18321
10627
23733
17217
5249
2623
2521
16684
7702
10364
18978
17558
2936
10224
10930
2421
16618
19093
879
16051
12925
18435
21536
18343
14314
3808
354
3756
23594
2743
5724
19960
8885
17801
8900
23685
9553
17919
14074
22455
8244
21629
9803
18282
14851
14626
13919
9101
23712
17130
2242
18039
20152
11712
14156
7983
5901
19037
2158
20314
5139
14625
7528
7789
11810
24948
2064
23409
19966
585
21414
1841
22656
591
4282
17548
18657
1176
646
2910
12305
22226
22752
755
14519
24174
11503
4012
2456
14016
21699
16322
1009
22973
16113
1625
16738
14029
15087
10684
8389
11435
23763
19029
8882
5463
24261
23246
7582
18314
296
19719
11484
6461
13333
23128
18443
18363
11523
22430
14007
15989
20032
11344
18084
2223
15496
5283
4004
5080
16179
6850
6460
22958
7026
1654
4234
13934
23446
22954
24293
22335
1063
16845
12325
8933
23518
24501
6831
24183
14593
12522
13523
22710
1104
24342
3188
10049
18845
2220
6415
5184
14399
7681
14647
14898
13435
16086
18135
15644
10644
13447
6868
17992
16117
2132
21634
3313
3903
21905
13372
10847
10889
1017
22812
19328
24445
5513
10695
14948
4766
24982
586
4608
12207
15396
8755
15378
20991
20346
21677
15207
21148
7346
10009
14772
197
14426
5790
14170
14865
14689
20358
17640
17836
10882
24885
1511
18307
12694
3248
23930
10406
11533
1439
16483
24770
8548
3180
15294
1507
9247
6919
2980
18289
12814
16580
11402
20666
13642
11940
254
18234
7779
18994
16088
4192
24954
1721
7606
645
22171
1751
19436
2056
6828
12454
9302
12523
1594
24702
1947
11777
145
2835
11855
8552
17831
5329
10486
13427
1321
21403
18789
5547
22432
1020
19671
2078
7674
20954
17810
16342
4581
6501
1018
2451
24890
12785
22322
20071
9422
5011
11167
1171
19323
9403
18923
13440
5536
8824
1475
5250
8739
9505
21025
19384
8677
3640
14664
6920
20187
13295
1669
1574
21251
4631
2442
13140
2587
6854
10356
19322
2979
16376
1793
24901
9095
8926
17667
7608
15969
14211
5944
5178
7434
21646
12090
14945
8564
8597
12440
1528
22254
15843
6597
8630
24083
1440
22906
14741
22195
6273
19936
14070
14278
9161
11648
12901
18002
10189
24226
19044
22264
22417
1101
22920
19431
17013
2127
10627
1611
7572
4582
10952
17333
2381
8088
22527
23449
6740
4182
22126
19512
6994
8914
3027
3771
871
23436
17303
21103
17134
21008
16726
23531
436
12255
7591
4448
14036
19249
13400
979
21631
17615
18574
9960
22731
18724
21262
13998
11130
4245
7814
16763
1310
12921
7712
21591
12505
21629
8507
1365
10866
13803
8879
271
7457
24704
13900
3725
11335
12726
18840
23867
17623
16149
11873
18803
9261
968
348
8883
775
16605
22197
14925
18632
16693
4286
10475
20762
11594
9541
20355
19471
16856
21983
18319
6091
4647
12410
23895
12903
8203
14498
5271
1976
4669
16343
18663
7998
7431
11297
22043
19589
8617
8783
12286
4484
23017
3917
22892
6631
6892
3592
22975
15364
10024
23933
2564
5915
20099
15298
17903
24448
14387
12571
6103
20110
82
4326
24231
24995
16910
8010
19427
16708
7287
13255
9261
4792
16617
3558
1142
18252
10562
13254
16362
16775
4622
4990
20761
4862
16430
7920
24674
8747
17982
8291
12873
12948
20606
3764
12374
60
11966
14752
15650
13947
17173
15333
9644
12036
5203
17288
8231
18046
11264
848
3541
16074
16962
4376
6937
5534
14939
6948
3654
15196
24523
14336
24565
14618
19693
15476
4478
10588
18794
18080
5973
7912
20203
3352
15294
13821
16805
11489
20689
19700
10375
19164
23209
8980
8469
3450
1669
14948
7735
20186
4274
15180
17083
17527
9413
11633
8222
11369
11940
22003
787
10081
13838
636
2822
13568
1942
10234
5309
20302
15618
1595
24666
18387
10151
8253
23889
11739
473
8573
11226
3996
11848
14008
1339
22016
17604
10018
2460
22268
23424
7861
12194
18016
22539
413
23033
21263
11761
11699
20915
20339
19915
1492
13856
23468
7565
23340
16989
23520
22507
13941
1907
11454
23802
10715
7356
5753
19714
5170
21248
17856
17380
17000
8998
13946
6407
19759
10928
16499
1845
7354
6719
16456
5792
9352
15006
15803
8826
8655
12739
24583
15414
8600
7495
10971
24305
11094
22720
3871
24350
24368
18648
20379
12603
1278
20434
9705
2710
11451
18172
844
16824
18083
5679
7127
15333
23717
21082
417
13329
18447
19947
7369
13751
6759
12957
7278
8614
20969
3970
22858
16137
3459
24047
9097
23783
7827
24620
16869
18506
11527
13971
15296
11701
6910
18284
4348
11710
7453
6819
21051
4823
9170
4940
7840
14994
8070
4019
11057
2859
7708
9011
16693
939
8344
5686
12919
24499
22360
1139
27
1978
23421
17755
8585
13247
22648
2502
9300
21301
13566
11836
5779
10600
16681
21905
18580
23469
5471
17786
14651
18941
18346
6202
22885
9498
3459
3914
15788
12399
14167
9659
21702
16751
14893
11207
17146
713
8568
13047
21282
2435
10846
6293
8700
15855
20754
23491
21922
907
10210
8535
18547
6635
1790
12575
4538
19699
8304
5023
16414
15026
19664
9099
20074
3294
19131
15735
19355
8973
9838
8449
21005
19267
5282
13883
5156
18947
337
64
19191
13270
21133
14554
12040
1207
2252
16916
9036
22876
11384
23800
2629
16891
9239
4469
8874
274
16260
24837
21125
3868
11489
14050
6166
20496
4834
9636
8704
24609
14482
20752
3157
9301
9160
5983
13472
455
13607
15968
23570
7750
2610
23491
10012
9124
6956
3251
10025
17741
10792
22146
10979
15274
10333
6523
6226
24730
8507
3570
21600
1837
18114
17329
11421
8300
12571
17601
4934
11196
3170
21421
6737
14321
2473
22163
5810
21275
7229
13922
8231
14731
21939
21412
2625
13547
11594
16228
15071
410
2607
20152
23974
20260
4930
24287
16376
19047
14263
13833
12833
6361
20381
21026
7744
1559
11878
8048
4579
9184
13402
24612
11896
2711
10296
5106
24969
8544
4843
12622
22321
736
17359
5914
13089
20345
21445
14296
11018
7295
24266
19396
10075
9752
12263
320
3070
13494
21790
3103
9365
4693
24378
19120
20977
12575
412
18681
6850
7549
18215
8670
90
2184
16984
15545
7528
71
8736
17868
20382
20626
24433
9756
9301
15571
6987
2876
3141
21975
3747
3252
14607
12422
328
2554
17855
10933
13274
5234
4683
9052
18696
16618
6760
23536
16548
12403
23929
12560
5997
24860
11055
20244
1153
16877
21999
17560
5897
17413
13978
2954
23088
16298
16158
24374
156
6490
11157
21310
6189
4719
22420
14211
12714
11764
1512
22133
24754
19063
7182
17699
3346
19513
4363
23457
13518
9794
9209
24740
14464
5410
22689
17511
19523
7047
8925
17665
5452
3482
18306
5680
1666
5029
11118
247
11006
8808
16109
14469
12531
9816
1663
8147
6522
7236
15294
4340
3170
24667
6960
19664
17407
12715
14501
9704
17662
24546
20372
16776
10289
3631
14525
20441
294
7057
4605
10738
10704
21528
11261
4486
1505
7835
8309
11293
5676
460
2543
5968
6303
24433
23443
9947
17840
2565
20373
4960
10961
8025
2734
12451
23337
21722
157
23325
16163
17382
1890
19729
647
14769
24795
2677
3619
9283
9869
23396
13714
680
10392
24414
16075
12252
22666
18586
6319
10046
18207
11216
15385
22800
20616
16511
7240
15803
22770
22626
10285
4013
21845
10098
16945
2725
18398
21545
12054
6338
7566
7141
23270
20652
2242
14242
20182
9448
8538
8701
19707
12754
8090
20830
5996
212
16203
996
13369
7784
4571
2857
16830
16185
21445
7723
9247
22367
11940
19599
21175
21933
23155
22656
15804
6717
159
5049
17312
15682
20098
15221
9133
647
7371
14058
19281
13742
9208
19455
17238
12386
19576
2172
23187
3918
8303
1877
15674
14825
16652
1121
21152
23752
3137
17485
8104
10753
12729
3783
241
20208
7485
16188
6269
18712
21305
5889
5036
5406
18141
4249
16817
9541
2418
9552
488
16574
4304
8547
23329
12329
3994
7245
21038
21678
7782
1675
3977
6132
8338
20220
23576
10566
9669
24737
6140
9013
10477
17982
19128
22584
11807
10412
2555
9536
13002
11878
15864
9695
12002
2927
12894
15129
16374
17203
10119
24117
4630
21420
1119
3790
17437
21999
20211
22120
20736
18564
1318
23263
8505
2791
3431
3454
19154
5930
4883
21722
10668
4785
17552
1646
23866
21492
16129
4217
5074
10914
22699
22999
11943
21744
23827
16459
14636
6930
19259
13740
22090
17895
7464
17582
20027
18175
21257
18942
2924
23446
14572
17019
8142
5235
21323
23936
22074
8666
15965
471
11897
14565
9763
9540
9092
23807
7423
21058
16419
19914
16158
24747
14212
4465
9461
2589
18701
2301
23339
12072
19420
18979
16409
9505
4782
22314
9655
20420
23670
9524
3772
19262
16012
8489
3723
20401
15220
320
6864
8303
6423
9250
24614
16011
636
24018
6732
20009
9139
250
23444
23343
18859
23442
13318
2644
9185
5498
5032
19308
9195
21205
1814
12313
24310
17429
23684
22594
4411
5751
18481
22818
18616
5160
18318
15545
5987
2406
20086
3945
7063
24761
18204
12793
3255
20343
23124
14484
6523
22784
20076
16379
10981
1796
12540
18915
24502
22436
3508
14660
17098
7253
24461
4908
16509
17969
19762
11733
10691
21080
1021
1165
16947
3267
12974
12524
3268
976
18881
13397
23935
1437
7086
14246
10717
14074
5188
4728
14858
782
2795
5515
15042
24057
18850
15719
19372
13594
19740
19986
15872
760
16348
2754
6660
1773
12344
6507
18360
23367
11892
23187
14965
19840
18031
14326
8815
3586
8921
11512
22176
7592
8015
8862
16843
17933
374
2907
21055
4382
14932
11443
754
19799
22125
17208
6386
13890
21785
17183
1299
17830
12950
7266
5352
16285
19669
6319
22922
2703
23457
21042
23085
12830
16046
15085
6818
13191
8862
13054
3536
4367
23810
10457
20039
6776
10841
18628
23598
12620
23721
20768
18170
12210
10805
71
3707
11389
5748
23542
9351
11570
8494
20595
5993
2028
15743
18565
9683
3975
7159
14750
8989
12952
21108
3835
5527
8031
15875
123
3672
17020
13009
24578
9994
14244
1920
15108
20371
21365
6610
1589
1349
11797
15287
19439
3676
10223
10613
23154
20330
1531
24325
18032
16100
13493
6903
12818
15457
11449
20966
18280
13109
7358
23896
80
6401
18887
17995
13570
11763
19503
1488
23150
7546
11196
6121
23226
11417
15166
17026
4538
383
10239
12333
4960
10150
11416
16965
1231
18543
23179
22695
13949
131
4957
21508
13117
19397
15805
20815
3027
13412
13061
14287
8142
19794
18584
8007
12412
10843
21766
3270
24156
12444
12112
15317
4916
22671
18712
15538
22228
6566
24960
13724
8869
5024
15149
10361
9907
8706
20166
775
12623
17995
1063
13007
4692
14144
10483
17824
11831
10614
23700
21708
4267
2605
21198
20474
22118
11276
12637
2268
23559
21377
22250
14094
20064
20298
11970
4315
12178
12248
8895
21304
11879
20546
18042
20773
5071
24702
18276
23896
11879
4134
22521
3840
22386
10731
17849
17443
1679
4135
4728
19960
2232
18479
5592
20439
4100
6632
22003
3812
8790
11017
22965
15068
5581
8458
20366
24849
21767
13940
4406
7769
14511
22933
23375
19497
15877
12816
15895
22453
715
5859
12420
19333
11614
4214
16300
19536
5166
158
19786
4932
13926
13041
15576
1404
15659
22685
21451
1436
787
13361
19762
7483
9508
18172
15798
11476
21234
1017
11225
21332
7813
11531
21833
11927
11593
11834
18811
1870
2904
3887
2834
15129
353
18967
12042
17903
21059
24985
11029
18669
14667
14227
1485
16367
9387
14583
21859
23284
10492
17881
16516
8571
12759
16230
4509
21956
10170
11000
22317
7509
4581
15392
17941
6993
8485
13459
11911
11833
20118
856
15651
18706
15866
12086
8147
20772
10749
4050
24732
12218
11044
24421
11607
10407
2976
17136
5975
24959
23478
1843
20492
4423
22361
9961
5583
8848
9636
16164
13577
7250
21464
3870
10388
283
10024
12380
20187
2553
20672
16032
24058
12869
13250
9742
18975
20019
3794
5675
14056
2039
18310
13441
3948
16974
1535
18486
2974
318
767
2438
23767
7912
11412
17851
9596
20221
6868
10424
14012
12607
9425
19760
16956
11060
9
19785
7975
21278
9072
20728
12860
23418
24820
21938
3000
19098
11459
5007
15534
7840
22309
3988
6035
23442
24785
15109
11479
1899
22851
23910
13025
7340
17425
5719
21622
18761
9392
1884
14295
16389
19603
3865
8610
21080
20309
36
4772
16697
7115
19634
8101
9302
11847
21316
4969
3375
8134
15954
24104
7428
19681
1960
17983
13028
13173
18410
17786
17996
6302
10180
13851
11319
6077
21453
21489
17158
6430
11545
9604
22231
10406
6714
18727
622
3960
10093
7562
24607
18261
10608
9383
23067
22359
4460
22448
5296
411
3845
21340
7926
67
5656
7281
12767
21630
14259
22936
7919
6813
19199
17554
12254
9774
21330
23532
24247
5195
10693
3507
16110
23413
3891
1787
22730
20930
3352
6030
17745
11746
20384
15712
23855
17823
22507
16455
3675
14659
22127
9046
11670
7048
1603
11698
13616
13043
24129
4136
9024
22896
8730
9428
5297
7810
6779
7690
13423
20469
8474
4206
904
3919
7436
9830
11263
15818
1709
1565
8719
9220
15628
7317
7335
11836
1597
21380
20641
8001
11477
7377
10551
17098
10609
10391
6114
7906
24154
2025
22209
16630
5495
1809
4679
16263
3602
24087
4310
4630
9587
4731
20379
9296
11622
16817
7987
14078
583
8288
8150
6828
17884
18850
17176
9635
769
21395
2825
10872
11359
509
14696
15959
16329
9001
6676
6107
23329
153
18085
20236
6519
19035
16290
4451
16255
10236
11773
7756
18014
202
11939
272
11430
2543
1726
14742
23536
24928
12537
24620
15785
14919
14653
1788
3312
24894
15914
19278
15751
23873
1257
12508
24418
18437
9728
1707
23273
15252
23093
8235
18212
17123
18211
19921
18007
19089
14736
3604
11977
18561
22026
15207
14225
13315
3024
5066
2488
24010
22118
1970
10462
810
1328
6531
1068
9313
17934
10226
7341
12674
15467
749
19872
14366
4871
13017
6569
4844
11225
7489
5644
257
12784
19899
24810
8459
20898
12093
6803
736
17905
12496
22746
10238
11439
24241
22988
4245
7621
890
5732
8084
14495
6495
11367
8719
20070
18468
20134
6550
9624
4776
15811
589
1813
14870
15824
4872
19751
17169
6481
20302
2102
3512
19388
19394
9165
14428
14237
15151
24386
15589
15894
16744
22926
24059
8037
10561
3063
12156
4833
3844
8576
12149
13175
13547
7832
3227
13712
9496
9458
16588
20900
9557
22811
20380
23048
3
7956
21579
24203
20349
20198
23525
7667
9674
11803
21219
3551
9955
21072
8074
7143
2912
13981
23635
1451
16286
7264
11845
9793
8229
5357
6952
10292
22214
5991
19396
11647
7700
15138
16121
23116
6410
15550
7149
11212
16899
20569
24032
5482
2798
9522
22597
11463
2188
9935
2649
21005
17921
24895
10793
473
12142
17680
10378
21546
8517
832
837
2851
12270
19392
8901
15566
11640
18024
5037
14172
3940
2218
3291
5261
20296
7403
12752
5002
17534
14589
24575
12398
22169
16356
15543
4337
17713
3667
14724
13025
15176
13334
17124
4754
22787
24295
4564
6581
5169
7339
22856
13552
7793
21916
7943
14428
8883
19372
11940
12725
8653
4778
1853
12207
15824
18516
23296
3507
5121
6601
19656
15170
6786
9478
2341
2071
23794
18033
16938
11548
8429
21464
6722
11451
21148
8292
17203
6630
9031
6661
12261
5461
24467
5139
17662
15950
6789
1644
18642
20092
17276
14043
10891
21100
24136
4302
2799
21432
1264
5155
19313
23273
18768
6990
7188
7503
7260
4238
14716
9341
4094
6362
7157
9301
18842
5854
21587
15396
24741
18386
8416
1189
7382
12419
10446
19452
17527
2091
7797
22444
21413
1322
10701
19412
24112
10929
17061
19003
22353
11064
1532
2209
13396
6976
12261
15892
17680
2230
24833
4667
80
10209
12041
21579
23532
16553
10547
10107
7815
16803
12681
24659
11923
2109
10703
5555
23290
17362
3463
21018
13692
6491
9071
17915
22073
20778
2385
13156
2651
14014
18909
13374
19010
8771
13850
24323
18053
10908
12198
23121
5450
15738
3986
618
959
13805
20917
18285
18893
16807
8462
4363
10018
10333
17813
21396
20803
14670
2181
21581
15498
9088
5896
24575
1212
238
4770
10383
6945
12737
23599
8437
15676
19033
8719
20368
4700
16099
5847
23255
19371
18346
6353
5693
18896
16437
18727
3840
15108
963
10308
13792
5115
18756
11856
10558
22641
11129
24160
17625
12356
15502
21663
16020
23069
15975
19728
8274
12562
10112
22520
8105
21860
17413
18354
13280
22175
9886
2779
4944
11470
13879
12018
19027
16384
20390
425
88
6704
13245
13352
19972
2696
2641
24704
14740
24367
18832
3182
18486
973
19348
12966
8306
1757
9017
23192
23432
19486
19956
21188
18457
24407
22028
11895
1994
3715
8015
17428
8001
9044
20210
1772
19529
23164
13067
22270
17655
13868
697
10725
12526
14373
2679
20977
10979
17624
8833
21844
9892
22748
8314
22148
11214
17299
10797
21417
19011
14773
2480
18110
18022
23647
10016
24971
5057
24816
1345
6915
18149
18754
17777
17756
9979
8441
462
18066
10616
126
12506
1421
1131
11993
11772
12927
12098
16669
3222
12737
24658
19102
7014
16202
16048
20734
13602
18832
9159
9934
5262
12211
8930
15507
4572
15769
18410
24039
8357
17324
19020
8586
9933
6192
8988
19886
11956
11059
11007
5874
24589
10470
18902
9998
19003
10232
21086
19230
5032
12190
24047
23992
13543
21468
18640
10539
19262
12921
3592
2100
10856
17577
23965
19718
7329
1496
348
1715
23422
4158
7256
22842
1802
21180
8098
16316
2829
20174
11548
1292
15054
8755
18505
24236
19263
23761
8383
1357
3
9464
3354
2843
11944
23832
5646
16360
5243
12416
23798
18672
20175
1465
236
5210
14301
10548
21957
9466
13754
18737
3697
5629
1039
3152
11221
15593
7568
18141
8717
22042
15833
3256
20142
13539
15431
3674
1883
3935
24072
8240
12890
21631
1661
24132
14389
23505
2471
17044
8686
23223
1189
12565
24804
2775
23482
18625
6586
23871
12447
17008
17142
12288
24445
6184
6413
5892
11089
23383
21090
9228
9805
20699
22340
3262
1194
13219
11244
5799
4334
3140
17644
2730
12942
9433
9412
24152
4985
18993
10645
18499
23371
24466
9982
19083
19989
9252
15453
15401
3298
4483
9836
20365
20302
8839
5514
21856
569
10768
23099
4174
19358
23206
16115
22102
1382
2508
15612
15374
339
17492
21569
24959
9800
17830
11599
6626
6125
17180
10552
8805
17090
19961
11634
11054
11649
19258
14708
6672
19798
16159
1807
20966
6587
15004
24957
10495
22135
13784
2842
5243
23365
9554
7885
14025
17580
23574
12300
1045
1471
17136
13751
24394
6427
5281
24066
15518
18439
8892
11237
7177
18404
14083
19575
16722
19235
3475
4304
22940
12191
342
5673
675
20072
12099
15550
21629
23685
11758
13930
13239
24048
14718
24230
20330
22782
14884
1718
5809
23277
21367
24534
6021
1623
9253
3991
15878
9217
269
7520
6983
6410
6
22832
18863
5319
22430
4938
2487
13665
10018
18148
11727
12702
20498
13860
22610
5228
19222
3872
8599
21173
20218
3327
4782
17692
3406
11591
9314
21235
4364
16149
7216
3017
17390
20293
2422
19960
24142
24132
23841
12312
23933
24569
23496
24649
21440
5053
5017
5885
16171
21919
11005
11689
20075
4596
6471
17185
23110
14435
5734
18146
860
24273
9841
8287
16560
17391
5444
1299
21955
16652
13655
3317
16189
23608
17919
9119
1610
9524
11286
24709
13031
11161
22420
13078
23851
5955
5212
22611
7857
14462
10685
12698
17282
17570
4890
19595
22833
18471
24180
8015
1373
4591
7972
13360
9587
4897
7457
12412
20505
5819
13825
7766
21672
11148
23110
7767
22712
9847
22129
4430
23748
23682
8741
15016
3709
4221
13537
13942
21417
35
11249
5507
20825
9713
14267
4635
6352
14050
4424
739
23304
11121
18431
15124
17620
20130
20318
5627
3071
17291
12491
9485
11740
16455
963
12025
1657
11677
3187
6329
24840
23512
18448
7062
1338
9436
22522
2272
14111
18557
12806
10631
22832
22269
11626
11895
1718
12025
16883
16374
2055
19862
6171
503
7768
7764
23682
15204
23210
17893
21154
3320
12664
9441
745
16690
21552
14527
13627
15687
13367
3142
2261
15752
244
13185
17618
10757
21295
16806
10735
20855
16311
23585
22976
22627
3434
12664
21715
9620
19149
15934
11020
3643
13577
14191
8613
17575
30
755
21015
16709
23446
5335
10198
1223
22240
797
24895
18709
13798
14103
24800
18572
18495
8016
20223
17858
11240
18092
22295
6721
15397
24153
5272
19087
21627
3575
13043
988
6208
14559
19544
16213
6595
17362
12444
10595
4625
18055
8727
19523
19326
19198
9923
17347
18978
16348
16778
15193
1601
9728
10205
4982
14585
3692
8838
1587
18459
20187
18868
21183
11915
7130
5243
24228
6768
16135
8431
1022
20228
24131
13830
7279
23993
20216
20742
7269
17885
14568
1682
1539
8716
538
1324
10489
16289
19066
4260
7002
3314
11756
12600
13897
23524
21112
21663
17016
15805
6260
12437
7468
11248
12422
20326
17837
14513
11165
10704
6955
23994
12422
21146
8879
21320
1972
6797
6146
11783
17053
4209
15805
19131
917
4214
12814
19778
13966
23067
2566
17355
22652
10885
12764
14650
10254
14526
23537
19322
3576
24183
4280
24018
21092
24749
2836
8323
2506
2267
12843
11034
11542
16061
4945
14910
20797
19785
16430
530
20814
16859
21759
13347
2523
5272
8025
13230
11261
3015
14277
17096
21628
16248
17727
2048
20895
17370
7399
11937
9725
1068
24101
21236
16806
7808
13893
23702
18382
10082
14878
10139
4500
11551
9213
122
21845
5951
8975
19968
17741
6917
18784
16387
21130
11109
11754
20794
6357
5621
6492
15000
10017
20182
5537
8906
19639
16438
2483
14169
23256
11327
20278
19316
309
11691
11906
6886
2018
15940
3037
5693
4247
8911
20181
6106
4842
10837
22254
23561
12251
23888
22091
20882
23174
4236
18478
17018
24132
16538
14086
20137
24402
22673
13585
20222
20664
3668
4711
9652
327
17522
9471
2183
2354
6452
890
11093
6475
13714
10449
9915
15551
18736
8216
11220
8107
24302
10663
24357
8306
3554
160
19922
24894
5203
2192
9543
24024
9728
569
15303
9464
11646
19796
3101
23051
1057
12421
4398
24583
18999
17989
8452
23698
11403
7731
7358
15023
19841
1012
16765
7674
4002
2346
912
18453
14061
10638
6202
13019
158
19957
10676
5749
1732
1956
23551
19201
12936
18658
4598
21569
257
7014
22176
6690
15381
19647
17093
17555
2217
4345
10561
17357
5834
23403
12471
9418
18160
21494
20258
9674
18849
10904
20722
7717
11870
13068
18996
7746
18172
19364
7456
22056
17534
14494
144
12786
7208
11894
14308
9020
13936
11201
21603
2556
1312
13638
16803
14248
6983
250
18909
9924
24780
18443
5645
16118
1429
15295
8460
18073
6312
19148
7680
13500
13598
12586
7960
10435
18880
4385
8504
804
14945
243
21071
7453
13466
6205
6077
21459
21479
16067
10006
20625
6189
14617
20164
12871
2369
5113
250
21390
19403
23146
24239
1497
16667
22409
722
5947
11849
11862
23051
4060
24451
6626
9771
18213
23110
16231
16565
12205
12092
4601
6189
4750
1252
4121
19089
87
13209
19530
14087
3985
11401
23751
6273
810
10834
12718
10017
13799
13576
24963
23865
2305
24024
11286
19413
20693
12295
14956
20229
15762
16210
21754
11797
22011
20617
24083
21081
4243
12541
9929
21175
13042
19952
13428
9828
16583
15141
15852
17855
22709
14061
13146
2479
5736
1131
1016
2526
12990
14560
7518
3226
8264
2057
10520
3649
21689
22666
798
7158
11934
18145
21787
4315
24042
5533
20126
7261
17996
1024
1541
17765
18361
20620
19452
17415
17223
5251
19328
16321
16765
15800
9768
20119
7870
4013
1749
16182
4478
3400
10941
7281
7689
19876
9333
18406
14651
2357
9817
3410
11882
10908
23509
12062
656
23771
14943
20473
1064
474
12519
23024
2594
159
15911
586
4169
10779
19250
18565
23861
7499
21722
17776
9354
438
23865
5075
11420
2375
6391
9601
11054
15148
10095
9982
1610
9780
2106
17206
16892
13758
9002
13078
13880
24524
13805
8403
22724
306
243
21863
14468
14681
15070
6445
11165
7853
17713
3894
17762
9670
16842
10525
8589
14652
22442
3523
17898
2920
6574
7110
90
23154
8041
18308
17650
18294
20740
8043
7889
14115
12527
2351
13118
19202
8798
23892
21241
11536
15359
12447
3002
7791
20905
17169
14657
8056
19062
24478
23947
22134
20276
11473
3282
4769
8791
3666
15637
13417
4347
1594
2019
8295
4224
21707
11461
3167
5880
1753
16134
19717
11876
14282
2209
9056
5926
15621
9017
5938
2345
520
17225
1992
24926
11692
15409
11799
3652
8720
13505
527
220
3055
1817
5239
16265
7477
302
4366
9193
5136
22865
2993
13508
369
18583
7687
19894
14675
3303
4976
9265
20343
6296
4643
18485
9066
4568
20889
16097
15650
1492
5825
22768
175
406
10394
20649
19454
4338
1888
2397
15098
13398
8243
20688
9841
2760
23827
11489
9411
23725
472
3637
10923
17585
11029
24660
18263
7573
14745
90
18944
16896
4397
13642
1235
19248
10073
15497
6241
4082
14800
24215
21857
8804
19732
19404
4643
16909
13967
2350
15533
4875
15872
6232
13933
22501
10206
20285
22306
22373
10996
23122
1129
14241
18705
7099
15444
17925
18130
11541
20614
24503
10499
5070
11684
21140
19699
9023
6964
3124
22204
13221
6162
19217
1188
22999
11654
1536
7661
20798
12465
12205
18714
5738
580
24396
5233
6574
13564
13628
436
6642
916
23591
1698
23804
15729
9786
6354
23038
22638
1313
19448
9248
2962
18695
17633
194
17835
5717
16951
6728
2132
19131
7428
16551
11936
6134
21069
17929
24322
14788
16421
1754
22027
9417
1282
16557
8152
1368
21058
23243
6166
10634
5768
9803
8503
7759
8870
12770
4669
16199
23671
18707
19835
10703
2589
1844
8270
6246
23660
18510
21398
6225
17003
13617
16030
3602
15495
21007
18261
7800
7722
17374
6644
11507
3494
23775
5266
11413
22107
10214
22807
22217
1665
3482
1424
22901
21976
15108
15489
14164
7596
11796
4518
4919
19310
17559
7990
8614
7786
16864
13024
16760
12031
21173
21271
14580
14942
8745
22956
22879
15222
4478
14182
3322
1879
495
10972
23206
18845
7127
20759
18539
9836
11429
3501
14785
5581
12351
19175
4242
20918
6067
21457
8314
15181
20655
7338
5986
1390
1706
14805
19940
7611
4990
23403
7062
4184
3489
5852
13860
97
829
14722
8685
6565
11185
12942
7164
9321
2098
8377
3647
20827
21832
15528
12619
17194
7290
19416
5329
10817
17777
12134
10953
19474
21392
4823
12831
13769
18662
10318
6482
22711
4444
5043
10662
23807
20634
1541
17452
17852
18480
17357
9162
20355
3227
3491
23520
14140
6698
8896
7904
1220
14978
12533
4870
6466
4521
11399
14487
11275
11905
21320
23509
2888
21435
10013
8860
22373
23164
2702
11905
12159
2152
16535
13343
4989
11688
15409
5422
4025
1398
13114
12066
21371
7814
8225
13157
15805
20761
13913
24106
18972
19481
744
23656
15008
19382
2324
6770
13825
12582
13921
10020
14196
9029
22186
22150
17001
20184
7087
8231
12239
21459
12237
10080
5386
20348
18190
17987
19053
19466
2547
19310
3007
8077
19868
6600
13619
7226
3329
12308
18140
18959
6987
10171
16694
10098
13232
14716
15149
10478
17824
12764
7049
17300
6720
5348
21245
20582
15846
12142
18712
11358
190
1242
6762
20335
18738
7386
5129
12943
6801
20549
7254
9784
16471
8138
194
12702
14380
23149
4242
6859
609
24363
5292
1918
1178
17552
8614
16546
15091
4866
22958
14189
21562
2270
12669
15714
20971
22041
16398
15037
24438
1297
24615
13001
19099
16157
5598
12918
14212
6672
19811
10160
14119
24847
4523
18775
429
9213
19208
3378
17342
23413
15003
11717
1625
11688
4918
14696
13390
2711
13847
2684
14349
7761
13033
20246
8672
22661
4290
10793
13674
11795
12925
13404
612
9893
7156
15917
3611
19440
21461
20426
24634
20418
11528
16576
3886
10334
976
2005
16129
4209
10379
1259
24024
15397
13985
3919
20580
17559
20762
10321
11409
23336
12000
377
5552
6414
23031
18633
17898
13810
7602
8638
1153
7344
8520
18975
203
17857
17576
15006
24657
869
8868
16897
18893
1164
1852
11746
18900
17733
5594
3816
17116
23116
23148
13888
20317
4644
5046
23399
11453
24494
15234
5161
2994
22547
16564
8733
23640
22074
18962
3324
18011
20781
9514
16310
18347
14832
12726
6766
11413
18380
10285
23676
8564
15850
22473
19916
18340
290
15775
5341
22323
24945
6948
16308
1171
7932
22933
5333
24501
6728
3004
8427
15206
17673
10376
19630
12803
781
15101
1051
19866
7136
16727
20720
23476
22012
349
55
5000
19769
16642
14573
15746
20730
23646
5359
22747
13837
4054
16249
23194
10297
5141
19273
11928
21993
4986
566
11521
23270
18013
17601
16799
7102
8536
19737
20179
9970
18516
16335
9092
3873
19749
21245
14320
10737
3414
18448
8091
24890
22480
13450
7650
6036
22167
21066
5623
19666
21875
19153
16266
20177
16001
16246
12779
3853
15782
17993
13365
12107
7548
17435
6903
5399
15333
10448
18421
13349
4168
1513
24612
19923
22991
12861
5569
13095
2178
13199
20601
6222
13344
14128
22910
4384
24474
12870
11985
788
23881
11298
10788
4901
17291
8425
22483
2921
24995
2104
17111
19948
10353
23011
6202
18948
22684
1754
18926
22884
20006
969
837
11414
13644
4588
9406
2558
3197
22888
7795
5506
24950
1972
16517
16729
1392
5183
16737
12611
19464
22435
21821
21955
5462
10361
6194
10397
3503
6417
23206
21181
953
6996
23228
23698
17628
22995
18648
24624
17861
20327
6239
6547
22488
357
11405
18495
20247
7203
18752
7767
22816
7426
12656
6794
4492
15997
8209
19132
21355
17566
14167
13221
3956
16134
8403
19807
5713
19548
24219
24177
373
17323
18553
2700
22545
23821
15092
4434
11349
40
10374
3212
6160
20408
6473
2978
6573
8731
15400
11279
12440
8899
15151
21512
18206
8928
3552
3588
16122
21268
5906
19560
11367
4406
4072
12284
7864
17489
2389
20015
16368
21189
22646
18517
16202
2071
2363
18224
8600
3042
20618
8412
22275
16633
24981
19773
13771
6795
17718
11571
1402
19286
23991
6451
3436
18839
8709
18478
2717
14477
7824
3483
20431
17907
5239
18803
17657
23606
16976
16605
23617
21195
21096
23045
5800
780
20816
24184
3008
19408
19686
3354
16330
14970
14081
11873
19266
6835
6116
3862
4297
15585
6964
10513
603
24533
4862
17852
3801
1000
14385
12792
17416
24046
23349
13411
10812
3923
24559
225
15894
4355
6950
18421
20513
23648
22558
17254
3620
22105
19321
499
24625
16500
16251
24573
6408
8963
1899
21015
13893
5464
24319
16654
7350
20224
12143
21058
16933
4261
8676
18439
3829
16524
4277
18221
13081
22831
3344
17931
3683
11915
16761
14820
1227
9697
5871
3350
10785
19365
3256
9993
1311
268
18506
16733
20656
21199
12985
5065
16885
14586
10936
2898
14239
7764
15270
18438
15528
13384
13437
18451
21979
9251
18420
18786
23324
5797
7401
3788
22195
10012
10602
5435
6061
8575
9208
18950
870
878
24290
21245
17515
23642
12043
20204
363
6612
16126
5268
8186
1929
15194
23227
13273
9285
23943
11616
6726
16647
22192
12190
7768
944
15631
21302
14277
5597
23243
11300
869
14954
12219
6045
16166
23806
22232
20552
19816
3581
12014
12521
997
9701
20673
9592
6916
5073
667
24203
7406
13152
6523
7445
21206
12192
16802
4002
18545
14382
5282
3021
4113
6102
2881
17291
19800
11040
11498
21644
5323
11565
10798
20954
4505
3463
17251
1279
16358
12588
17456
23539
3494
1058
24622
4263
2753
22700
14309
20167
14208
1486
23758
6544
13244
3056
23822
23540
9217
9348
2376
12755
1747
15431
2978
18661
22812
18032
2199
14911
9115
21222
1058
6721
13042
23675
14304
18557
3614
20880
23114
21356
12416
9690
17421
14218
20382
21940
14280
19813
14358
15321
24249
21102
19889
706
16879
11353
4463
14371
11530
8551
4339
10522
24833
7078
18396
2765
15639
11824
12384
16572
21706
13460
22144
21850
2151
7711
8453
14208
3679
14064
14980
15500
2778
11747
7365
14608
17384
15066
22458
16984
13855
4775
9563
15623
5328
6908
16947
2837
22100
5487
9950
21862
6076
13731
24142
277
13034
14641
23231
12279
8444
15816
13129
5718
77
23111
5218
16976
14188
1362
15541
10455
24529
10639
5335
19313
10621
3009
23336
19245
7158
21481
8246
4810
5145
22022
18416
18615
15461
11399
15679
24100
7628
23462
13323
11012
9071
21241
4849
6299
9174
18554
20486
2942
1977
23830
14799
5651
21050
21983
1210
15560
1829
1168
13365
16834
3339
5476
7410
144
11951
9607
9259
2589
7222
1688
20393
15066
9899
14974
22556
14771
22398
249
16083
10469
20364
20784
3697
13541
14566
9086
1178
7385
24029
16211
19994
5207
7103
21864
5753
12922
21291
12108
22157
14573
2568
15149
5398
19691
19736
17687
2333
12740
24243
14783
630
1546
10004
13406
15072
23337
23827
2781
22815
19532
3258
6307
13570
22774
3605
19912
10845
8488
13782
7462
11433
14496
3375
10085
7754
11715
6504
13638
21824
11781
22157
12550
21072
22498
841
10993
11767
7954
15180
22264
18585
8974
1147
23781
24215
23085
15388
957
11631
10116
11730
20056
10460
239
17440
20027
22423
623
16822
646
3138
6293
7186
9986
13590
2492
4116
6857
13219
24856
9471
10901
21211
352
17995
18805
14135
21759
3453
9936
16912
2418
9067
11149
18572
16071
13772
7992
24522
10511
7323
3450
20259
20809
1186
36
13325
17566
10773
22127
13157
7966
14876
13762
11551
14649
15276
3771
19238
7197
12433
8236
12350
17405
17751
23706
15059
23059
16649
4986
4910
14219
9625
11192
5140
22489
12611
21684
13477
12569
12819
15782
14633
24829
4154
1546
11740
17199
17376
14451
9240
23856
178
20312
11130
14763
22693
19553
7665
18204
22818
11932
6183
1554
10512
4443
14403
17981
8100
24021
20697
17778
18748
12291
21621
9604
1156
8520
22282
18655
13937
19520
1981
17093
7485
17424
6035
21934
745
12320
14627
14351
21669
3691
19079
15385
19508
13215
14684
2319
20744
8687
14735
17210
11989
12222
14983
17232
9376
19729
3396
21251
16489
17834
6012
9544
12283
19591
13485
15719
24521
24733
24114
18681
10476
12281
14774
21392
7138
10871
8299
7565
13612
5246
15062
10422
24184
10825
10646
15618
22839
2539
12964
16622
10833
24663
6040
10139
23005
8487
2452
4975
1918
15933
22431
9699
11438
21368
13281
16736
19751
14737
15572
6628
3671
14383
731
24769
12729
13248
6572
1053
3536
18809
3945
18597
4607
19602
3736
8979
17610
12349
10710
9796
7085
9796
24994
17419
2790
1779
12484
1534
12297
4597
11267
4488
13901
11035
13429
543
22553
9883
21879
20753
4414
1662
6508
4679
2167
9684
18166
9575
21563
19441
24021
18130
23106
10966
5821
2971
5887
7627
18926
7653
23238
17334
13731
14250
15520
18829
24402
5177
12375
18227
5142
7410
6101
5447
1664
23434
12326
21733
22568
17781
10514
5385
2032
10339
14037
7914
15029
485
12072
701
17428
11390
548
12499
1691
23353
15041
24354
1763
15633
16224
22533
9729
7384
11783
17380
16923
8215
22999
8478
2776
2296
18629
4371
24944
4359
4365
22681
14126
20048
19962
12215
5414
11414
12487
11265
13496
854
11537
17976
3385
23174
20270
20240
24166
1855
12051
17690
10903
17946
1675
741
7713
19167
17815
20080
13347
11502
17544
8751
23758
6529
21002
21925
22428
18599
5671
19679
9674
4525
8361
24625
20406
19538
19431
18543
68
7158
9211
4639
13647
10204
22461
14563
1882
21320
17986
22336
15397
24892
19626
120
18522
11144
11077
7517
21335
18215
2466
16801
10364
7170
15261
5078
18276
20874
914
2928
11730
16743
18545
6575
19986
18922
5617
20198
24462
9413
7994
1497
6399
10403
20248
6545
21273
1814
21985
8229
23424
13928
20416
14954
19285
996
23826
17853
12091
12114
13415
12108
13318
9456
2849
24149
742
11443
6688
15116
8411
2401
19193
21735
10236
15615
22698
8969
17003
19616
7927
9784
24517
3057
987
24641
9735
335
7360
21204
9158
9969
6065
17217
15553
4266
15145
6077
15568
6186
14801
10346
1060
14529
9725
12811
1401
16933
22229
20032
15229
21783
20852
19524
20455
17175
6758
12166
13371
17556
10869
11988
3974
1188
17631
14944
23049
16541
17907
5449
9996
4959
1801
18242
21671
476
2590
9115
20376
2813
19590
17157
1895
19420
6132
579
18667
11622
15275
4798
16970
12455
2295
15263
12718
19823
3422
22470
581
15545
23914
15832
5228
625
3915
943
6259
5114
16601
16185
24886
14348
12077
7449
10244
10479
2558
6936
24644
23244
8125
10625
3237
2219
2409
20358
20091
2742
2501
23642
5355
6163
13502
21171
12447
24749
9367
3214
19800
19542
8587
24813
12039
22250
23285
1239
21796
1097
12104
22101
20173
2591
12686
1611
23567
2531
13119
3477
15658
14835
6411
16935
11277
18924
13849
24645
3547
1578
516
14909
10006
5777
4424
1014
20505
6490
9277
22233
13598
12373
9875
24108
18309
20387
19386
8612
20798
3090
20190
1258
1582
3610
5363
7167
9785
17592
10291
15170
5029
23911
9292
14309
21599
18464
11657
20217
459
14594
3547
2855
19574
23183
4102
23222
14872
7166
702
14455
20719
21986
14470
13418
305
22519
4363
16014
20327
22194
17412
13336
5009
18168
21227
17951
21805
15742
1663
546
3513
8366
16764
3968
9480
8523
507
11177
10078
8650
6159
6487
21978
6660
16827
8204
22218
7474
22005
5865
9421
20422
6264
2085
6453
19207
11805
838
3020
21109
436
1572
15339
6935
3709
12954
24640
2998
11985
13846
12883
21517
15374
8804
13789
6944
12780
16415
9444
4867
10511
17997
21035
7143
20086
24981
21398
19668
4964
8514
9849
582
11665
1220
24175
6922
18312
19887
23837
9782
23087
834
5114
8728
501
19731
8213
18641
14147
17438
24137
4614
8296
7027
12777
1700
15344
7155
17827
21211
15347
16423
24731
7522
9698
6752
8799
6346
15218
6050
14266
2695
19870
2419
20165
11219
2356
1951
24218
19112
10720
8410
20989
15464
13938
21216
5416
14221
11760
16270
19393
4801
18859
3015
17202
10018
19551
2389
4138
8635
13844
12452
17443
8124
22983
12910
10782
7064
12572
2237
16622
7636
18540
9910
6880
1739
11548
6457
17599
13196
5327
3770
1882
15085
9170
8913
11062
2316
11064
15190
18139
2273
8784
8023
21751
14980
16780
19364
6317
9841
2583
14129
21028
22351
11354
14578
20111
15885
20726
20378
15512
15770
24466
4647
21657
14922
11351
14686
16537
4012
8372
15598
13691
22557
3824
3151
8905
13277
2295
2653
22432
6038
3966
16712
7778
4520
2696
21214
6074
8795
21528
10229
2380
20299
24972
14569
14773
6228
3674
23279
11478
9668
21765
18998
6629
13615
1398
17423
9208
16539
13752
14061
3655
24399
23817
4799
11240
2632
8827
17844
7039
12781
457
24312
4545
20814
21415
1424
19965
20146
6073
16159
22030
17988
22302
24677
4793
18294
14964
4504
173
19779
23267
12550
16273
13476
6736
6536
20638
737
22313
15916
20551
11133
9230
7502
15214
13576
23746
16221
4026
18304
1552
4108
22197
16582
24051
1246
1160
8555
14047
1123
16580
15816
7055
13451
21514
7313
17983
972
14495
13330
15183
22878
12554
15583
2175
9798
16166
123
4823
22588
10116
8628
23162
7300
14202
6821
7089
19425
10547
5680
6737
1782
14722
2321
17963
6427
8744
19018
9221
4471
2298
11988
10382
22540
9946
9159
162
16678
17969
23366
4368
3355
22137
24325
8240
19686
5190
8337
21389
9286
10952
5251
4861
4857
3265
23465
9534
1310
9977
19813
21521
2865
8842
13658
24857
23356
20493
23864
18395
7162
14856
2603
13841
7478
3661
1881
16189
22931
2480
9890
6295
10435
2523
18338
11797
352
11246
11258
22780
21828
22135
7097
11139
21455
14612
18426
3132
6203
6199
11589
21348
6539
18531
914
19860
15876
7244
16117
18800
21603
2089
888
20866
5873
8336
6610
16650
1383
15373
24324
5935
11953
6117
5884
15534
18840
4120
24085
24586
6195
3501
19581
24953
4125
10622
7306
6398
14133
19075
10131
23044
14338
3332
5376
22640
19178
13497
13160
19688
17231
8885
2840
5052
993
366
15424
22614
17012
2530
12967
16003
3261
6104
17096
103
6041
17820
24214
10004
13057
2592
4302
22867
17409
19394
4390
1380
18502
21262
13404
4484
15104
7742
22445
21630
22924
2988
20161
17374
2572
5016
19533
13182
9159
16985
4080
11570
9700
21306
2079
2172
9023
11491
9792
17827
4511
8322
18254
12456
14414
4104
977
12352
5482
14944
8000
3045
14892
6117
13776
781
12990
1576
21355
1394
5327
9991
9642
4278
21751
9388
13423
6969
7539
6246
19558
22473
2835
21197
6456
22264
8935
22699
8201
16788
2493
5470
3697
5328
20941
11836
17401
18265
20466
9566
22313
21015
7308
21063
24801
16830
17601
6555
18948
7252
18428
22511
1545
21917
10642
10342
15057
18175
16408
16502
9478
5330
21208
6482
7750
21354
9419
15667
16680
19488
9601
6888
1613
19997
9572
23563
6765
11429
24122
19828
16868
21219
21347
11744
19430
12211
12477
22327
19117
6662
10481
10699
8399
5307
24667
16500
2713
17285
3341
5685
19596
17264
5380
9634
2238
14338
17017
24273
22497
4116
22461
2660
10787
8801
23480
2037
3732
18676
5222
15101
20997
16399
10703
19233
3853
22049
18629
20661
2630
17712
23911
955
3281
20378
15846
2887
20678
9863
24098
24499
11038
9655
6005
24757
6769
20180
11404
19569
12243
5109
3094
22957
14917
19162
22829
5460
22895
14493
14941
10626
1963
21951
17383
261
8904
1383
12294
13951
11883
9250
4867
1875
23865
2931
278
449
14391
4264
11755
9852
2005
16517
13575
16424
1539
23434
23798
276
3398
6562
16524
20872
17472
56
10800
42
19134
19822
10182
18823
23095
20978
5443
6794
16343
11843
10450
1081
15722
23785
8612
2888
2611
1132
3896
20801
4895
11503
5782
9879
2629
17221
2
11043
24516
30
22604
23056
16862
6416
8067
6376
14818
7184
4072
5539
18497
20207
15086
13324
14697
18603
9071
14098
22678
23788
21096
1503
14480
13919
4719
10156
3256
6983
4778
21171
22666
7277
491
20421
6167
24416
6458
13958
23573
11130
19208
13383
16344
10922
10280
12613
22015
17450
5712
17964
13122
16117
18655
873
6678
3429
6396
3886
5137
12076
20570
9618
14112
7018
23699
10280
23424
18131
23065
994
2987
8073
20955
21125
1962
2857
4549
2510
24305
4383
19762
12397
19975
23136
18911
15281
23538
12672
5803
21124
9585
19178
20249
14033
4211
15462
15031
16242
22098
13174
2355
10046
11519
2777
11975
17257
5569
19719
23816
5324
19945
22341
6168
21080
2022
23055
10907
4938
11114
3246
15856
2199
4087
21471
12472
14325
13714
23152
13322
20140
19576
18897
9788
12113
22148
6117
21433
11239
22163
23475
8005
11739
17190
23068
11736
10421
12220
12960
22977
5766
6291
10485
842
23062
23700
8102
14652
1925
682
16076
15481
21109
4734
806
1501
14406
3359
17262
10011
8775
21398
13487
22705
10505
6697
13255
19848
136
24036
1901
3795
20978
4230
8582
18777
2176
22773
10101
17594
18593
16824
8851
22621
91
11560
21662
4683
11577
11084
346
18160
9405
19308
16993
990
7005
4023
18280
8258
6461
12309
19015
8605
16066
3359
22023
14291
5590
3176
21546
20137
16438
13145
10513
21166
19763
11945
19524
8585
12901
14655
14900
14249
21599
21653
21949
9674
18641
19909
14822
11045
17531
11150
14052
8915
15484
24025
22896
3938
15566
24989
13918
24043
14142
14821
5601
1586
18426
6636
2012
1595
17297
17761
10736
12544
6638
22307
5097
16414
9392
17096
13533
9398
1630
5126
20323
20029
4952
14902
19891
13599
16158
6041
4801
18192
15608
12033
24477
15218
4009
3166
5868
15063
86
5522
2203
15896
7034
16099
9941
7377
9173
22179
1749
12310
15254
11981
14294
23080
24314
19654
1862
19122
12784
11251
19829
7370
3194
1801
12890
23444
7946
8212
9406
18489
4987
18464
16666
5174
23632
19526
1673
2798
11143
12737
15316
22588
15216
16540
7396
21010
771
6460
14644
10904
17135
9657
11963
15295
14330
18588
18069
22344
5169
13379
20508
15075
4508
22384
731
15637
14848
11750
6261
4497
10706
21899
17986
20978
17657
14151
20968
19013
16560
7423
12904
16203
291
14512
6819
15200
17614
17975
16308
13023
17534
24831
5325
1445
9154
15345
13029
10069
8248
16042
8818
15450
24003
619
14917
16683
14779
1038
18569
6699
5039
20615
21209
7837
8538
12829
10945
6857
5160
21065
1680
10944
17454
16056
948
22341
12222
20564
22335
19242
14927
20364
18013
1488
24668
7593
20844
24744
23447
4518
8116
321
12150
6563
9941
24390
5290
13159
821
24645
3389
10612
20679
1445
33
22320
24220
461
1534
6747
7678
14520
20331
9688
2701
16439
7308
18551
19574
1625
5641
15451
7801
24134
22008
3563
7767
20188
10642
7734
9318
11620
12648
24017
8855
9638
21709
15752
23390
23359
17566
21651
4955
15133
6354
1815
9826
19295
21422
15096
8277
19338
9805
16930
10944
22683
18148
24885
12073
24096
11485
15488
11502
21918
9582
21432
1948
10044
9748
21725
17521
22969
15799
21602
3482
11221
11683
9864
5277
15933
16215
17416
1757
5824
21832
6160
15573
16368
8480
15663
3927
8941
14749
8306
13203
20768
15978
21884
20820
14347
14826
4672
3288
2215
12144
3001
13453
4917
10675
6763
1129
2589
16219
20368
14919
1636
4441
2764
9496
14100
22832
9848
6802
24880
5138
13430
24621
22409
17194
2922
5061
10193
4480
13695
10733
21699
3677
18174
4605
8466
17419
20417
5124
11090
2955
4828
6373
20847
3554
20449
6516
12155
9052
17732
7421
19922
24845
5335
4951
23218
2393
10519
20905
10309
19984
20461
22148
9386
24677
14895
11689
22445
2940
10837
22470
19254
7007
6396
17670
22275
5918
11687
9084
3275
7869
12181
15458
5894
24006
4812
8219
4482
9645
6065
13832
13375
21766
23831
18269
19898
4295
7340
17990
1642
22482
22946
3983
3207
17772
21181
13019
19741
12682
16569
7591
13753
15233
12983
7033
5334
374
395
924
14434
23970
22176
15875
1043
22235
6248
17582
6140
24201
8898
23253
15373
24582
8871
21256
20215
23835
20966
8840
13533
22026
914
11238
6616
3668
11795
19591
17330
7579
2754
23088
9260
5446
6234
11986
3835
10310
17041
20903
17832
24936
11254
23454
20306
13110
14751
14958
8721
18949
13191
16970
23741
15475
24305
10947
12046
10814
10307
7163
8815
3807
1607
19988
4335
5028
11094
7225
8609
22119
24597
16690
21178
12346
16254
6957
11686
21460
18619
1773
11496
12540
6804
520
7770
3576
7055
15060
15293
6748
20210
14558
12155
17467
4348
10608
14826
13616
7553
12321
6191
1765
17640
22265
19121
6644
14937
13896
1496
9671
19166
16854
24634
2378
16020
6063
14443
21464
4716
9452
2858
17417
13782
6906
13364
22701
17533
10553
14057
17971
18361
23399
6705
16469
16438
15431
19969
24512
3292
11898
17
9125
21450
2141
7217
21762
21126
714
16835
7417
9458
18286
22155
130
11788
7350
16124
410
1331
13330
7387
11689
7213
22251
1237
3172
18453
15794
11791
14530
5280
20983
16644
20089
2321
17843
5746
6455
2400
8350
14182
7452
1070
17577
11944
18650
11125
24437
8589
21237
24264
14504
4686
4986
17439
12201
12173
6431
7512
98
19369
22775
21089
13180
18292
19569
3929
9145
4906
8854
14104
4398
20707
22436
2095
3870
21697
19004
17100
5581
18379
22826
2891
2387
23940
24550
11366
17973
21017
9290
10097
7362
1625
5957
2485
13246
18855
18339
8668
23593
20168
6475
8887
20387
10273
9899
3097
3180
16990
22987
8695
20687
21432
22687
6374
6465
19617
3788
21441
1369
8825
4250
16245
15942
8965
20974
4236
13288
24962
15766
22899
3347
24087
8783
6572
11841
20548
16832
21757
18905
11182
20514
7117
20863
21373
23255
23587
15716
19565
23320
2112
12561
4814
6785
3771
1443
3460
309
12576
13477
17603
23176
11831
20011
11009
18580
5613
5243
3868
18081
17611
8728
11029
21159
8813
12039
5072
17259
21450
14206
23837
7544
22169
8281
10815
5808
3976
21347
19113
7243
2804
18299
3903
885
16737
19317
874
19493
19396
11186
23092
24067
22258
9208
12167
24727
20231
24395
23160
4440
6146
15186
6492
23072
21450
22234
16949
11695
8288
20497
85
10536
18326
13955
15717
7275
15000
22412
4633
22165
11169
3349
8017
24670
15254
9896
15642
24639
144
19429
16870
21977
22049
17494
392
13179
8514
9965
16828
5214
18444
13919
1300
18096
21968
21090
13566
23284
14736
7842
12198
1457
7215
18729
7952
15585
1467
13202
11082
7215
17947
12000
3291
11711
3989
2604
6629
2183
16242
959
16148
285
5529
13876
1462
7560
19124
24097
21979
15730
4536
9694
3346
19604
451
21878
16224
23537
11755
14557
6965
9214
16254
188
849
19643
18464
1091
15824
19980
16818
11028
6753
10105
9174
22981
20061
18935
3129
3366
3223
4952
12464
6915
22760
6595
15583
17474
7583
9743
12037
3159
4697
14551
21100
12625
8422
1435
18295
19763
8976
17343
13465
20175
22312
9544
20991
1893
173
6614
15248
16776
17785
22045
4861
24166
18374
18837
2113
7377
5454
541
23559
12507
19683
20651
1726
20492
11258
14887
1082
10319
11859
5110
10229
1222
3308
16629
22197
20013
11256
13400
22576
5666
8030
2528
20428
3254
13096
4210
8781
14805
7329
14600
19878
18561
13758
7926
10192
19091
2922
24448
9589
5296
15286
18668
19235
9838
7276
23906
7696
22116
8187
2516
5990
19491
23630
3835
24992
9928
13480
29
9950
998
22741
20088
17156
1613
4657
11570
21819
2225
2498
13062
12765
12427
18071
16255
21343
13714
7536
19878
23051
9133
16529
20274
9365
17632
6220
18006
2154
10563
17615
16522
13545
3550
23908
18422
7060
11308
8368
5916
11779
21290
1131
18863
11343
18131
9530
14207
11436
8803
9515
17281
10295
12875
3284
6706
20774
5136
24106
24299
24955
15232
4326
12215
19604
12247
15097
9313
6750
22372
18529
11091
16740
13855
251
5518
9849
10514
16429
8109
2201
3564
12791
5983
2083
10328
1741
1659
8552
6579
9907
22202
24571
4428
9053
2065
11043
10163
1119
16528
4140
3491
3596
16234
13134
16307
15453
10992
6008
15533
21375
1015
20745
8950
12269
4816
16102
14914
3830
8150
19641
6909
11907
24170
24711
17370
12351
9713
2080
1742
8191
23179
89
787
21974
11654
22675
4845
19518
7421
11360
8986
1283
11223
2077
923
733
1841
1493
5345
24976
3151
14189
18404
14089
14701
22178
24492
10454
19408
20520
10284
4846
4102
16483
10300
15109
12751
19822
6990
5883
17345
18389
6526
505
24107
10446
11541
8794
17934
22145
12159
16115
7187
21017
16837
10426
11420
14460
23087
639
2861
21156
9374
5537
15249
23549
9862
4917
2636
14921
21840
1907
20221
810
17377
11771
13917
1645
182
8871
22853
6853
21091
6540
13090
15398
10318
4792
17565
17942
10949
21501
15058
24591
12838
3025
4341
21152
8801
12543
3244
16856
5560
22290
6428
20051
11178
23520
17437
14707
7815
12146
16423
146
23870
11771
5796
8674
3274
8198
24992
23066
8561
3550
21234
11947
19260
14845
13120
9990
9656
8155
23861
22797
24898
4653
22618
24010
595
23557
20587
19376
10700
15107
20351
4648
11922
10973
24244
12368
5349
7095
11258
12154
20314
18648
12999
17424
265
3921
2769
24709
8982
19616
1429
21569
24916
1401
14207
9841
15323
14648
6222
11021
12522
10983
5587
1702
12040
11504
10521
1910
20720
17118
24169
12734
13493
20007
6538
21305
4782
6071
18188
16935
6773
19644
1428
17471
9016
24649
1992
2281
8446
17630
2199
62
14668
7907
12438
14279
11717
3657
5049
17538
11135
14030
11647
19877
16392
13018
6429
5798
14390
11219
7345
4744
22308
22071
5018
23953
15180
19894
8258
4780
11887
11923
4495
24112
12766
14809
13560
4169
2974
22471
8415
2866
21512
12601
1884
12054
877
2744
163
2039
16397
7236
1356
19442
8178
11550
19417
307
23905
24259
16150
22142
17409
6845
22099
2609
5084
18670
17171
20893
532
5450
6191
23177
15914
21100
22445
3559
14563
368
22963
4960
21452
16057
9514
6739
22567
20192
24166
1875
17746
21584
7166
14092
10541
16722
7144
20839
20614
13632
2099
17074
8099
22228
20415
18043
4862
3113
22402
24956
1313
13781
23472
22596
12925
9464
11121
7695
11657
18518
16827
9217
20422
9194
20961
16476
2264
10449
6816
15377
18739
16386
15107
18193
2749
10488
8162
14883
21899
17475
6721
12857
19615
22586
10951
12408
2904
18551
22399
21203
20501
281
24491
3927
2041
21
16069
11423
18453
4045
1212
22164
10727
17343
19512
4382
10087
1433
14891
6422
6811
23026
21241
15481
2636
22566
4139
22433
22286
20326
17903
9675
16181
17731
12553
22008
17304
6551
20961
4020
5808
3658
9080
20415
6968
20024
4512
10151
17068
17023
15886
11089
21115
23289
6034
11087
13548
9563
719
7738
22730
1148
7775
18798
3509
12648
7792
3579
8463
21281
11495
20812
2729
10826
6651
5941
135
16671
22947
9407
101
11840
5272
18627
2798
19008
7530
19531
12750
20375
3412
17565
1575
11701
2523
22960
22527
16898
8252
3763
9483
14556
21260
13599
21905
10686
335
12515
13032
1494
12868
12419
1696
3548
4496
2019
18735
15252
21326
15333
405
15467
22489
5674
1201
6808
10721
19178
5256
23528
8645
1794
17515
18539
4669
22058
5261
4772
9530
19780
1494
13230
18613
19887
15413
7817
14208
18710
1616
9223
4194
11322
14675
7159
12686
10954
24054
16018
1444
7437
22191
11671
16188
10744
19036
5704
6093
19288
14094
15946
1875
1722
9959
4959
15783
9736
6781
10889
6312
1591
6586
6480
9845
3529
4866
10637
22053
18671
16344
224
9420
5073
1388
22459
15855
9591
13743
4973
15486
15075
2829
18193
19945
14827
15552
10401
24885
18902
7643
8844
19478
13853
5699
8759
4184
1043
12164
22919
19267
20371
3192
11699
16791
6689
4053
2231
4071
9203
20370
16387
17876
18804
2865
21122
16535
4343
8784
6814
11044
10863
11070
1173
16562
2598
17085
17375
2938
19456
24177
15092
8620
18420
10718
11181
7844
1670
24922
4856
18030
16851
241
16059
18184
532
22749
22212
5595
15473
16523
2898
2985
6465
18545
8850
10639
14764
18103
6309
5715
14500
11790
310
17593
21016
14876
23918
3057
11775
8999
386
8904
21200
1310
21631
3461
1680
3521
22487
7229
6187
14222
3896
7710
6426
4529
8179
22530
9218
3865
20192
15050
78
14768
562
2934
12026
21469
13185
19487
18514
17446
22332
16088
960
5474
1436
1347
24239
11867
110
1545
20326
18409
2876
15257
5871
11550
12789
22788
23712
11603
15288
13435
17095
13974
2454
17943
2242
16139
8158
16271
22632
4331
21398
18901
23889
17929
19864
19099
3913
7483
2030
705
9616
23464
10315
20651
14022
6414
1053
5504
867
21263
23047
4407
15418
2971
771
10426
4640
3731
22974
1059
21585
19327
11880
20213
16213
17681
392
20230
9152
2973
12218
22727
16275
13828
22208
17059
17835
18750
1959
5498
22008
3490
14219
9685
23516
7160
9715
19864
12416
2666
3365
4632
14937
17553
4446
6423
3046
16181
3660
23196
20099
11198
23505
7809
14910
2876
19213
8776
10617
12729
11029
17998
2189
20401
3724
23646
5417
19788
8892
6454
12629
24546
6173
17152
12850
12175
9412
492
10652
21837
3034
13923
21078
6546
17717
4767
17970
21707
16918
11882
8323
1865
6667
8197
23432
1708
7302
9506
20453
23939
24112
8158
6097
593
12052
17836
8886
22448
18990
11042
16310
9662
11388
17522
1271
23654
16531
11747
17225
3977
17838
18890
8245
1313
13948
1334
7125
12853
11443
7147
20591
16344
17554
17105
12946
10472
10834
13376
5174
7694
24840
23623
12869
10895
15104
19982
4179
2861
20920
1784
2717
1485
19033
3848
8424
20653
11699
7547
5319
15147
18111
12871
2178
2022
4454
15894
4903
11336
394
527
2246
6447
19345
22565
24641
17055
12344
19119
22399
13289
6448
10559
2110
2220
20061
14761
5768
11387
22796
14327
4465
1142
7933
16878
24534
6634
5911
8191
19619
15410
19732
20674
21070
3815
8402
16389
13647
9417
8398
10125
24619
16098
17452
19932
17207
24486
9261
11653
15421
12871
24899
3669
1842
22670
19972
16417
14032
20158
21940
18141
5149
12574
925
15012
19167
8765
1198
15313
293
4801
3074
17259
15159
13879
2695
1159
13435
4796
21674
9385
24791
14195
14224
13621
13478
16034
14310
8066
3529
19919
5275
14942
4694
2357
12873
6020
8149
11506
11373
6648
17397
8470
5737
20112
4774
18597
7089
23703
23116
21635
2400
20785
730
22083
7373
1840
24113
21184
9947
1544
23166
7545
16756
24119
92
22640
4573
12871
3436
2888
6273
23059
8441
4579
19721
5408
12138
10374
6315
11056
14624
10368
16881
10939
21244
24530
12302
8708
12490
16348
7743
11354
21296
6645
12648
927
4188
12240
3955
23753
18534
5912
10112
20697
21822
7955
13893
11939
3072
12473
25000
2680
16685
16471
13488
23573
24970
2996
11486
15590
9197
2527
24818
1266
13338
23953
20891
4716
15249
22809
2039
3327
6414
17777
18322
13174
9126
7952
20923
17853
18495
3348
12602
16131
13692
13727
16900
6966
9360
7203
22942
1180
732
2614
20384
18933
15502
22177
15515
12063
3965
19278
7623
15649
16887
11039
14645
14616
1783
24389
16941
5728
1469
13764
6486
15732
3302
15830
15313
7352
18828
13262
9247
9952
8373
16603
14690
20886
21966
3333
3752
23823
16033
8483
5632
1817
17703
10299
15
15319
21784
21559
13447
24207
20253
14678
8375
23591
22365
16951
17973
12627
2222
8553
4582
22229
21844
23857
17083
4442
5738
2459
15135
16788
10233
15551
15323
16820
14380
17786
11573
7984
19711
16257
12810
16799
19556
19204
21001
15288
8195
189
12725
7715
12881
15715
23906
10522
8595
23081
11338
11579
13251
3046
13816
15133
24968
19643
7634
8006
11695
9439
23668
9685
436
8047
14356
4176
18316
10167
4251
15543
1120
22572
12289
20251
18473
19093
5668
3950
16429
21867
9247
24339
11572
13744
9901
21833
16688
808
15815
17220
22073
22681
5625
12184
14888
10946
22039
17044
15769
4677
20599
20353
23217
8413
20097
10683
11558
15004
9960
7867
3129
6640
11383
15920
23717
16633
19434
11537
18345
1847
1681
17297
12591
21459
14351
20533
1550
23644
2409
7057
10537
2079
7824
2772
21375
19209
7420
21570
12798
23245
11829
6759
3244
5247
8625
3910
12300
4546
23465
4374
82
11115
15956
14650
88
16689
19913
16442
3503
17312
4782
19423
17317
18454
527
3091
15660
11781
20935
4117
19382
4575
24336
19816
2711
15248
11287
14952
23226
13106
491
14061
8983
1213
11456
2231
14394
14441
13163
14890
18250
15034
11842
3537
23551
2300
19131
12863
8933
12330
21779
20957
11989
19610
9342
4914
20255
545
2296
5073
22688
21538
13010
24778
22163
13449
7082
7301
11535
22897
23276
2213
8921
6776
11653
3794
11472
22772
11247
16220
20813
23846
24857
14308
8626
5743
18837
2468
1580
17641
1377
21114
10513
21378
23349
15635
3740
24486
10761
18059
20350
2907
21524
11287
17026
15797
1949
10532
20093
10876
12058
2368
23726
7239
8367
14041
5125
1380
17743
17256
7960
9490
13426
229
16204
8158
15177
6796
8137
23214
13507
6621
14161
13283
21807
1936
914
14816
22555
12535
13400
13968
2476
9247
6086
24469